pro_com,comune,zona,data_inizio,data_fine,id_ordinanza,nro_ordinanza,data_ordinanza,PDF,nro_pgg,link_ordinanza,note
83008,Capizzi,rossa,2021-01-03,2021-01-13,01-03012021,1,2021-01-03,Testo,6,https://pti.regione.sicilia.it/portal/page/portal/PIR_PORTALE/PIR_Covid19OrdinanzePresidenzadellaRegione/Ordinanza%201-2021.pdf,
85010,Milena,rossa,2020-12-23,2021-01-04,65-21122020,65,2020-12-21,Testo,5,https://pti.regione.sicilia.it/portal/page/portal/PIR_PORTALE/PIR_Covid19OrdinanzePresidenzadellaRegione/Ordinanza-65-21122020.pdf,
85010,Milena,rossa,2021-01-04,2021-01-17,02-04012021,2,2021-01-04,Immagine,6,https://pti.regione.sicilia.it/portal/page/portal/PIR_PORTALE/PIR_Covid19OrdinanzePresidenzadellaRegione/ordinanza-2-04012021.pdf,
83078,San Fratello,rossa,2021-01-07,2021-01-21,03-05012021,3,2021-01-05,Immagine,6,https://pti.regione.sicilia.it/portal/page/portal/PIR_PORTALE/PIR_Covid19OrdinanzePresidenzadellaRegione/ordinanza-3-05012021.pdf,
83048,Messina,rossa,2021-01-11,2021-01-31,07-09012021,7,2021-01-09,Testo,7,https://pti.regione.sicilia.it/portal/page/portal/PIR_PORTALE/PIR_Covid19OrdinanzePresidenzadellaRegione/Ordinanza%20n.%207%20del%209%20gennaio%202021.pdf,
87013,Castel di Iudica,rossa,2021-01-11,2021-01-31,07-09012021,7,2021-01-09,Testo,7,https://pti.regione.sicilia.it/portal/page/portal/PIR_PORTALE/PIR_Covid19OrdinanzePresidenzadellaRegione/Ordinanza%20n.%207%20del%209%20gennaio%202021.pdf,
87037,Ramacca,rossa,2021-01-11,2021-01-31,07-09012021,7,2021-01-09,Testo,7,https://pti.regione.sicilia.it/portal/page/portal/PIR_PORTALE/PIR_Covid19OrdinanzePresidenzadellaRegione/Ordinanza%20n.%207%20del%209%20gennaio%202021.pdf,
84031,Ravanusa,rossa,2021-01-13,2021-01-31,08-11012021,8,2021-01-11,Immagine,7,https://pti.regione.sicilia.it/portal/page/portal/PIR_PORTALE/PIR_Covid19OrdinanzePresidenzadellaRegione/Ordinanza-8-11012021.pdf,
82067,Santa Flavia,rossa,2021-01-13,2021-01-31,08-11012021,8,2021-01-11,Immagine,7,https://pti.regione.sicilia.it/portal/page/portal/PIR_PORTALE/PIR_Covid19OrdinanzePresidenzadellaRegione/Ordinanza-8-11012021.pdf,
83008,Capizzi,rossa,2021-01-13,2021-01-31,08-11012021,8,2021-01-11,Immagine,7,https://pti.regione.sicilia.it/portal/page/portal/PIR_PORTALE/PIR_Covid19OrdinanzePresidenzadellaRegione/Ordinanza-8-11012021.pdf,
85007,Gela,rossa,2021-01-13,2021-01-31,09-12012021,9,2021-01-12,Immagine,7,https://pti.regione.sicilia.it/portal/page/portal/PIR_PORTALE/PIR_Covid19OrdinanzePresidenzadellaRegione/Ordinanza-9-12012021.pdf,
86020,Villarosa,rossa,2021-01-13,2021-01-31,09-12012021,9,2021-01-12,Immagine,7,https://pti.regione.sicilia.it/portal/page/portal/PIR_PORTALE/PIR_Covid19OrdinanzePresidenzadellaRegione/Ordinanza-9-12012021.pdf,
83099,Tortorici,rossa,2021-02-05,2021-02-15,12-03022021,12,2021-02-03,Immagine,6,https://pti.regione.sicilia.it/portal/page/portal/PIR_PORTALE/PIR_Covid19OrdinanzePresidenzadellaRegione/ordinanza-12-03022021.pdf,
82063,San Cipirello,rossa,2021-02-25,2021-03-11,15-23022021,15,2021-02-23,Immagine,6,https://pti.regione.sicilia.it/portal/page/portal/PIR_PORTALE/PIR_Covid19OrdinanzePresidenzadellaRegione/Ordinanza%20n.%2015%20del%2023%20febbraio%202021.pdf,
82064,San Giuseppe Jato,rossa,2021-02-25,2021-03-11,15-23022021,15,2021-02-23,Immagine,6,https://pti.regione.sicilia.it/portal/page/portal/PIR_PORTALE/PIR_Covid19OrdinanzePresidenzadellaRegione/Ordinanza%20n.%2015%20del%2023%20febbraio%202021.pdf,
85015,Riesi,rossa,2021-03-06,2021-03-22,18-04032021,18,2021-03-04,Immagine,14,https://pti.regione.sicilia.it/portal/page/portal/PIR_PORTALE/PIR_Covid19OrdinanzePresidenzadellaRegione/ordinanza-18-04032021.pdf,Ordinanza n.18 e ordinanza n.19 del 2021-03-04
82004,Altavilla Milicia,rossa,2021-03-12,2021-03-26,20-10032021,20,2021-03-10,Immagine,7,https://pti.regione.sicilia.it/portal/page/portal/PIR_PORTALE/PIR_Covid19OrdinanzePresidenzadellaRegione/Ordinanza%20n.%2020%20del%2010%20marzo%202021.pdf,
85011,Montedoro,rossa,2021-03-12,2021-03-26,20-10032021,20,2021-03-10,Immagine,7,https://pti.regione.sicilia.it/portal/page/portal/PIR_PORTALE/PIR_Covid19OrdinanzePresidenzadellaRegione/Ordinanza%20n.%2020%20del%2010%20marzo%202021.pdf,
89020,Portopalo di Capo Passero,rossa,2021-03-12,2021-03-26,20-10032021,20,2021-03-10,Immagine,7,https://pti.regione.sicilia.it/portal/page/portal/PIR_PORTALE/PIR_Covid19OrdinanzePresidenzadellaRegione/Ordinanza%20n.%2020%20del%2010%20marzo%202021.pdf,
84030,Raffadali,rossa,2021-03-12,2021-03-26,20-10032021,20,2021-03-10,Immagine,7,https://pti.regione.sicilia.it/portal/page/portal/PIR_PORTALE/PIR_Covid19OrdinanzePresidenzadellaRegione/Ordinanza%20n.%2020%20del%2010%20marzo%202021.pdf,
82065,San Mauro Castelverde,rossa,2021-03-12,2021-03-26,20-10032021,20,2021-03-10,Immagine,7,https://pti.regione.sicilia.it/portal/page/portal/PIR_PORTALE/PIR_Covid19OrdinanzePresidenzadellaRegione/Ordinanza%20n.%2020%20del%2010%20marzo%202021.pdf,
85004,Caltanissetta,rossa,2021-03-16,2021-03-30,21-15032021,21,2021-03-15,Immagine,7,https://pti.regione.sicilia.it/portal/page/portal/PIR_PORTALE/PIR_Covid19OrdinanzePresidenzadellaRegione/Ordinanza-21-15032021.pdf,
82015,Caltavuturo,rossa,2021-03-16,2021-03-30,21-15032021,21,2021-03-15,Immagine,7,https://pti.regione.sicilia.it/portal/page/portal/PIR_PORTALE/PIR_Covid19OrdinanzePresidenzadellaRegione/Ordinanza-21-15032021.pdf,
88011,Scicli,rossa,2021-03-16,2021-03-30,21-15032021,21,2021-03-15,Immagine,7,https://pti.regione.sicilia.it/portal/page/portal/PIR_PORTALE/PIR_Covid19OrdinanzePresidenzadellaRegione/Ordinanza-21-15032021.pdf,
84027,Palma di Montechiaro,rossa,2021-03-16,2021-03-30,21-15032021,21,2021-03-15,Immagine,7,https://pti.regione.sicilia.it/portal/page/portal/PIR_PORTALE/PIR_Covid19OrdinanzePresidenzadellaRegione/Ordinanza-21-15032021.pdf,
86016,Regalbuto,rossa,2021-03-18,2021-03-30,22-16032021,22,2021-03-16,Testo,7,https://pti.regione.sicilia.it/portal/page/portal/PIR_PORTALE/PIR_Covid19OrdinanzePresidenzadellaRegione/Ordinanza-22-16032021.pdf,
84041,Sciacca,rossa,2021-03-18,2021-03-30,22-16032021,22,2021-03-16,Testo,7,https://pti.regione.sicilia.it/portal/page/portal/PIR_PORTALE/PIR_Covid19OrdinanzePresidenzadellaRegione/Ordinanza-22-16032021.pdf,
84033,Ribera,rossa,2021-03-25,2021-04-06,24-23032021,24,2021-03-23,Testo,8,https://pti.regione.sicilia.it/portal/page/portal/PIR_PORTALE/PIR_Covid19OrdinanzePresidenzadellaRegione/Ordinanza%20n.%2024%20del%2023-03-2021pdf(firmato).pdf,
87047,Santa Maria di Licodia,rossa,2021-03-25,2021-04-06,24-23032021,24,2021-03-23,Testo,8,https://pti.regione.sicilia.it/portal/page/portal/PIR_PORTALE/PIR_Covid19OrdinanzePresidenzadellaRegione/Ordinanza%20n.%2024%20del%2023-03-2021pdf(firmato).pdf,
85018,Serradifalco,rossa,2021-03-25,2021-04-06,24-23032021,24,2021-03-23,Testo,8,https://pti.regione.sicilia.it/portal/page/portal/PIR_PORTALE/PIR_Covid19OrdinanzePresidenzadellaRegione/Ordinanza%20n.%2024%20del%2023-03-2021pdf(firmato).pdf,
82073,Trabia,rossa,2021-03-25,2021-04-06,24-23032021,24,2021-03-23,Testo,8,https://pti.regione.sicilia.it/portal/page/portal/PIR_PORTALE/PIR_Covid19OrdinanzePresidenzadellaRegione/Ordinanza%20n.%2024%20del%2023-03-2021pdf(firmato).pdf,
88001,Acate,rossa,2021-03-26,2021-04-06,25-24032021,25,2021-03-24,Testo,7,https://pti.regione.sicilia.it/portal/page/portal/PIR_PORTALE/PIR_Covid19OrdinanzePresidenzadellaRegione/Ordinanza%20n.%2025%20del%2024%20marzo%202021(firmato).pdf,
86007,Centuripe,rossa,2021-03-27,2021-04-06,26-26032021,26,2021-03-26,Testo,8,https://pti.regione.sicilia.it/portal/page/portal/PIR_PORTALE/PIR_Covid19OrdinanzePresidenzadellaRegione/Ordinanza-26-26032021.pdf,
84016,Comitini,rossa,2021-03-27,2021-04-06,26-26032021,26,2021-03-26,Testo,8,https://pti.regione.sicilia.it/portal/page/portal/PIR_PORTALE/PIR_Covid19OrdinanzePresidenzadellaRegione/Ordinanza-26-26032021.pdf,
84029,Racalmuto,rossa,2021-03-27,2021-04-06,26-26032021,26,2021-03-26,Testo,8,https://pti.regione.sicilia.it/portal/page/portal/PIR_PORTALE/PIR_Covid19OrdinanzePresidenzadellaRegione/Ordinanza-26-26032021.pdf,
84042,Siculiana,rossa,2021-03-27,2021-04-06,26-26032021,26,2021-03-26,Testo,8,https://pti.regione.sicilia.it/portal/page/portal/PIR_PORTALE/PIR_Covid19OrdinanzePresidenzadellaRegione/Ordinanza-26-26032021.pdf,
82015,Caltavuturo,rossa,2021-03-30,2021-04-06,26-26032021,26,2021-03-26,Testo,8,https://pti.regione.sicilia.it/portal/page/portal/PIR_PORTALE/PIR_Covid19OrdinanzePresidenzadellaRegione/Ordinanza-26-26032021.pdf,
82065,San Mauro Castelverde,rossa,2021-03-26,2021-04-06,26-26032021,26,2021-03-26,Testo,8,https://pti.regione.sicilia.it/portal/page/portal/PIR_PORTALE/PIR_Covid19OrdinanzePresidenzadellaRegione/Ordinanza-26-26032021.pdf,
87008,Biancavilla,rossa,2021-03-31,2021-04-14,27-29032021,27,2021-03-29,Immagine,7,https://pti.regione.sicilia.it/portal/page/portal/PIR_PORTALE/PIR_Covid19OrdinanzePresidenzadellaRegione/ordinanza-27-29032021.pdf,
83025,Francavilla di Sicilia,rossa,2021-03-31,2021-04-14,27-29032021,27,2021-03-29,Immagine,7,https://pti.regione.sicilia.it/portal/page/portal/PIR_PORTALE/PIR_Covid19OrdinanzePresidenzadellaRegione/ordinanza-27-29032021.pdf,
83029,Gaggi,rossa,2021-03-31,2021-04-14,27-29032021,27,2021-03-29,Immagine,7,https://pti.regione.sicilia.it/portal/page/portal/PIR_PORTALE/PIR_Covid19OrdinanzePresidenzadellaRegione/ordinanza-27-29032021.pdf,
84038,Santa Margherita di Belice,rossa,2021-03-31,2021-04-14,27-29032021,27,2021-03-29,Immagine,7,https://pti.regione.sicilia.it/portal/page/portal/PIR_PORTALE/PIR_Covid19OrdinanzePresidenzadellaRegione/ordinanza-27-29032021.pdf,
85004,Caltanissetta,rossa,2021-03-30,2021-04-06,27-29032021,27,2021-03-29,Immagine,7,https://pti.regione.sicilia.it/portal/page/portal/PIR_PORTALE/PIR_Covid19OrdinanzePresidenzadellaRegione/ordinanza-27-29032021.pdf,
84028,Porto Empedocle,rossa,2021-04-01,2021-04-14,28-30032021,28,2021-03-30,Testo,7,https://pti.regione.sicilia.it/portal/page/portal/PIR_PORTALE/PIR_Covid19OrdinanzePresidenzadellaRegione/Ordinanza-28-30032021.pdf,
82077,Ventimiglia di Sicilia,rossa,2021-04-01,2021-04-14,28-30032021,28,2021-03-30,Testo,7,https://pti.regione.sicilia.it/portal/page/portal/PIR_PORTALE/PIR_Covid19OrdinanzePresidenzadellaRegione/Ordinanza-28-30032021.pdf,
84027,Palma di Montechiaro,rossa,2021-03-30,2021-04-06,28-30032021,28,2021-03-30,Testo,7,https://pti.regione.sicilia.it/portal/page/portal/PIR_PORTALE/PIR_Covid19OrdinanzePresidenzadellaRegione/Ordinanza-28-30032021.pdf,
86016,Regalbuto,rossa,2021-03-30,2021-04-06,28-30032021,28,2021-03-30,Testo,7,https://pti.regione.sicilia.it/portal/page/portal/PIR_PORTALE/PIR_Covid19OrdinanzePresidenzadellaRegione/Ordinanza-28-30032021.pdf,
88011,Scicli,rossa,2021-03-30,2021-04-06,28-30032021,28,2021-03-30,Testo,7,https://pti.regione.sicilia.it/portal/page/portal/PIR_PORTALE/PIR_Covid19OrdinanzePresidenzadellaRegione/Ordinanza-28-30032021.pdf,
82013,Borgetto,rossa,2021-04-02,2021-04-14,29-31032021,29,2021-03-31,Immagine,8,https://pti.regione.sicilia.it/portal/page/portal/PIR_PORTALE/PIR_Covid19OrdinanzePresidenzadellaRegione/Ordinanza-29-31032021.pdf,
82030,Ciminna,rossa,2021-04-02,2021-04-14,29-31032021,29,2021-03-31,Immagine,8,https://pti.regione.sicilia.it/portal/page/portal/PIR_PORTALE/PIR_Covid19OrdinanzePresidenzadellaRegione/Ordinanza-29-31032021.pdf,
84020,Lampedusa e Linosa,rossa,2021-04-02,2021-04-14,29-31032021,29,2021-03-31,Immagine,8,https://pti.regione.sicilia.it/portal/page/portal/PIR_PORTALE/PIR_Covid19OrdinanzePresidenzadellaRegione/Ordinanza-29-31032021.pdf,
82047,Mezzojuso,rossa,2021-04-02,2021-04-14,29-31032021,29,2021-03-31,Immagine,8,https://pti.regione.sicilia.it/portal/page/portal/PIR_PORTALE/PIR_Covid19OrdinanzePresidenzadellaRegione/Ordinanza-29-31032021.pdf,
82054,Partinico,rossa,2021-04-02,2021-04-14,29-31032021,29,2021-03-31,Immagine,8,https://pti.regione.sicilia.it/portal/page/portal/PIR_PORTALE/PIR_Covid19OrdinanzePresidenzadellaRegione/Ordinanza-29-31032021.pdf,
89021,Priolo Gargallo,rossa,2021-04-02,2021-04-08,29-31032021,29,2021-03-31,Immagine,8,https://pti.regione.sicilia.it/portal/page/portal/PIR_PORTALE/PIR_Covid19OrdinanzePresidenzadellaRegione/Ordinanza-29-31032021.pdf,
85009,Mazzarino,rossa,2021-04-03,2021-04-14,30-01042021,30,2021-04-01,Testo,7,https://pti.regione.sicilia.it/portal/page/portal/PIR_PORTALE/PIR_Covid19OrdinanzePresidenzadellaRegione/Ordinanza-30-01042021.pdf,
84024,Montallegro,rossa,2021-04-04,2021-04-14,31-02042021,31,2021-04-02,Testo,7,https://pti.regione.sicilia.it/portal/page/portal/PIR_PORTALE/PIR_Covid19OrdinanzePresidenzadellaRegione/Ordinanza-31-02042021.pdf,
86015,Pietraperzia,rossa,2021-04-04,2021-04-14,31-02042021,31,2021-04-02,Testo,7,https://pti.regione.sicilia.it/portal/page/portal/PIR_PORTALE/PIR_Covid19OrdinanzePresidenzadellaRegione/Ordinanza-31-02042021.pdf,
85019,Sommatino,rossa,2021-04-04,2021-04-14,31-02042021,31,2021-04-02,Testo,7,https://pti.regione.sicilia.it/portal/page/portal/PIR_PORTALE/PIR_Covid19OrdinanzePresidenzadellaRegione/Ordinanza-31-02042021.pdf,
89004,Buscemi,rossa,2021-04-04,2021-04-08,32-03042021,32,2021-04-03,Testo,7,https://pti.regione.sicilia.it/portal/page/portal/PIR_PORTALE/PIR_Covid19OrdinanzePresidenzadellaRegione/Ordinanza-32-03042021.pdf,
83053,Moio Alcantara,rossa,2021-04-04,2021-04-14,32-03042021,32,2021-04-03,Testo,7,https://pti.regione.sicilia.it/portal/page/portal/PIR_PORTALE/PIR_Covid19OrdinanzePresidenzadellaRegione/Ordinanza-32-03042021.pdf,
89016,Rosolini,rossa,2021-04-04,2021-04-14,32-03042021,32,2021-04-03,Testo,7,https://pti.regione.sicilia.it/portal/page/portal/PIR_PORTALE/PIR_Covid19OrdinanzePresidenzadellaRegione/Ordinanza-32-03042021.pdf,
89018,Solarino,rossa,2021-04-04,2021-04-14,32-03042021,32,2021-04-03,Testo,7,https://pti.regione.sicilia.it/portal/page/portal/PIR_PORTALE/PIR_Covid19OrdinanzePresidenzadellaRegione/Ordinanza-32-03042021.pdf,
85004,Caltanissetta,rossa,2021-04-06,2021-04-14,33-06042021,33,2021-04-06,Immagine,7,https://pti.regione.sicilia.it/portal/page/portal/PIR_PORTALE/PIR_Covid19OrdinanzePresidenzadellaRegione/re295.pdf,
82015,Caltavuturo,rossa,2021-04-06,2021-04-14,33-06042021,33,2021-04-06,Immagine,7,https://pti.regione.sicilia.it/portal/page/portal/PIR_PORTALE/PIR_Covid19OrdinanzePresidenzadellaRegione/re295.pdf,
84027,Palma di Montechiaro,rossa,2021-04-06,2021-04-14,33-06042021,33,2021-04-06,Immagine,7,https://pti.regione.sicilia.it/portal/page/portal/PIR_PORTALE/PIR_Covid19OrdinanzePresidenzadellaRegione/re295.pdf,
88011,Scicli,rossa,2021-04-06,2021-04-14,33-06042021,33,2021-04-06,Immagine,7,https://pti.regione.sicilia.it/portal/page/portal/PIR_PORTALE/PIR_Covid19OrdinanzePresidenzadellaRegione/re295.pdf,
82053,Palermo,rossa,2021-04-06,2021-04-14,34-06042021,34,2021-04-06,Immagine,6,https://pti.regione.sicilia.it/portal/page/portal/PIR_PORTALE/PIR_Covid19OrdinanzePresidenzadellaRegione/re294.pdf,
85001,Acquaviva Platani,rossa,2021-04-08,2021-04-22,35-06042021,35,2021-04-06,Testo,7,https://pti.regione.sicilia.it/portal/page/portal/PIR_PORTALE/PIR_Covid19OrdinanzePresidenzadellaRegione/Ordinanza%20n.%2035%20del%2006-04-2021(firmato).pdf,
84002,Alessandria della Rocca,rossa,2021-04-08,2021-04-22,35-06042021,35,2021-04-06,Testo,7,https://pti.regione.sicilia.it/portal/page/portal/PIR_PORTALE/PIR_Covid19OrdinanzePresidenzadellaRegione/Ordinanza%20n.%2035%20del%2006-04-2021(firmato).pdf,
83005,Barcellona Pozzo di Gotto,rossa,2021-04-08,2021-04-22,35-06042021,35,2021-04-06,Testo,7,https://pti.regione.sicilia.it/portal/page/portal/PIR_PORTALE/PIR_Covid19OrdinanzePresidenzadellaRegione/Ordinanza%20n.%2035%20del%2006-04-2021(firmato).pdf,
86005,Calascibetta,rossa,2021-04-08,2021-04-22,35-06042021,35,2021-04-06,Testo,7,https://pti.regione.sicilia.it/portal/page/portal/PIR_PORTALE/PIR_Covid19OrdinanzePresidenzadellaRegione/Ordinanza%20n.%2035%20del%2006-04-2021(firmato).pdf,
84014,Cattolica Eraclea,rossa,2021-04-08,2021-04-22,35-06042021,35,2021-04-06,Testo,7,https://pti.regione.sicilia.it/portal/page/portal/PIR_PORTALE/PIR_Covid19OrdinanzePresidenzadellaRegione/Ordinanza%20n.%2035%20del%2006-04-2021(firmato).pdf,
88001,Acate,rossa,2021-04-06,2021-04-14,35-06042021,35,2021-04-06,Testo,7,https://pti.regione.sicilia.it/portal/page/portal/PIR_PORTALE/PIR_Covid19OrdinanzePresidenzadellaRegione/Ordinanza%20n.%2035%20del%2006-04-2021(firmato).pdf,
86007,Centuripe,rossa,2021-04-06,2021-04-14,35-06042021,35,2021-04-06,Testo,7,https://pti.regione.sicilia.it/portal/page/portal/PIR_PORTALE/PIR_Covid19OrdinanzePresidenzadellaRegione/Ordinanza%20n.%2035%20del%2006-04-2021(firmato).pdf,
86016,Regalbuto,rossa,2021-04-06,2021-04-14,35-06042021,35,2021-04-06,Testo,7,https://pti.regione.sicilia.it/portal/page/portal/PIR_PORTALE/PIR_Covid19OrdinanzePresidenzadellaRegione/Ordinanza%20n.%2035%20del%2006-04-2021(firmato).pdf,
82040,Godrano,rossa,2021-04-09,2021-04-22,36-07042021,36,2021-04-07,Immagine,7,https://pti.regione.sicilia.it/portal/page/portal/PIR_PORTALE/PIR_Covid19OrdinanzePresidenzadellaRegione/Ordinanza%20n.%2036%20del%2007-04-2021.pdf,
88010,Santa Croce Camerina,rossa,2021-04-09,2021-04-22,36-07042021,36,2021-04-07,Immagine,7,https://pti.regione.sicilia.it/portal/page/portal/PIR_PORTALE/PIR_Covid19OrdinanzePresidenzadellaRegione/Ordinanza%20n.%2036%20del%2007-04-2021.pdf,
84033,Ribera,rossa,2021-04-09,2021-04-22,36-07042021,36,2021-04-07,Immagine,7,https://pti.regione.sicilia.it/portal/page/portal/PIR_PORTALE/PIR_Covid19OrdinanzePresidenzadellaRegione/Ordinanza%20n.%2036%20del%2007-04-2021.pdf,
81011,Marsala,rossa,2021-04-11,2021-04-22,37-09042021,37,2021-04-09,Immagine,7,http://pti.regione.sicilia.it/portal/page/portal/PIR_PORTALE/PIR_Covid19OrdinanzePresidenzadellaRegione/Ordinanza%20n.%2037%20del%209%20aprile%202021.pdf,
85016,San Cataldo,rossa,2021-04-11,2021-04-22,37-09042021,37,2021-04-09,Immagine,7,http://pti.regione.sicilia.it/portal/page/portal/PIR_PORTALE/PIR_Covid19OrdinanzePresidenzadellaRegione/Ordinanza%20n.%2037%20del%209%20aprile%202021.pdf,
89021,Priolo Gargallo,rossa,2021-04-02,2021-04-08,37-09042021,37,2021-04-09,Immagine,7,http://pti.regione.sicilia.it/portal/page/portal/PIR_PORTALE/PIR_Covid19OrdinanzePresidenzadellaRegione/Ordinanza%20n.%2037%20del%209%20aprile%202021.pdf,
89004,Buscemi,rossa,2021-04-04,2021-04-08,37-09042021,37,2021-04-09,Immagine,7,http://pti.regione.sicilia.it/portal/page/portal/PIR_PORTALE/PIR_Covid19OrdinanzePresidenzadellaRegione/Ordinanza%20n.%2037%20del%209%20aprile%202021.pdf,
82043,Isola delle Femmine,rossa,2021-04-11,2021-04-22,38-09042021,38,2021-04-09,Immagine,6,http://pti.regione.sicilia.it/portal/page/portal/PIR_PORTALE/PIR_Covid19OrdinanzePresidenzadellaRegione/Ordinanza%20n.%2038%20del%209%20aprile%202021.pdf,
82042,Isnello,rossa,2021-04-11,2021-04-22,38-09042021,38,2021-04-09,Immagine,6,https://pti.regione.sicilia.it/portal/pls/portal/docs/152934474.PDF,
82029,Chiusa Sclafani,rossa,2021-04-11,2021-04-22,38-09042021,38,2021-04-09,Immagine,6,http://pti.regione.sicilia.it/portal/page/portal/PIR_PORTALE/PIR_Covid19OrdinanzePresidenzadellaRegione/Ordinanza%20n.%2038%20del%209%20aprile%202021.pdf,
82044,Lascari,rossa,2021-04-11,2021-04-22,38-09042021,38,2021-04-09,Immagine,6,http://pti.regione.sicilia.it/portal/page/portal/PIR_PORTALE/PIR_Covid19OrdinanzePresidenzadellaRegione/Ordinanza%20n.%2038%20del%209%20aprile%202021.pdf,
82027,Cefalù,rossa,2021-04-11,2021-04-22,38-09042021,38,2021-04-09,Immagine,6,http://pti.regione.sicilia.it/portal/page/portal/PIR_PORTALE/PIR_Covid19OrdinanzePresidenzadellaRegione/Ordinanza%20n.%2038%20del%209%20aprile%202021.pdf,
82041,Gratteri,rossa,2021-04-11,2021-04-22,38-09042021,38,2021-04-09,Immagine,6,http://pti.regione.sicilia.it/portal/page/portal/PIR_PORTALE/PIR_Covid19OrdinanzePresidenzadellaRegione/Ordinanza%20n.%2038%20del%209%20aprile%202021.pdf,
82025,Castronovo di Sicilia,rossa,2021-04-11,2021-04-22,38-09042021,38,2021-04-09,Immagine,6,http://pti.regione.sicilia.it/portal/page/portal/PIR_PORTALE/PIR_Covid19OrdinanzePresidenzadellaRegione/Ordinanza%20n.%2038%20del%209%20aprile%202021.pdf,
82011,Bolognetta,rossa,2021-04-11,2021-04-22,38-09042021,38,2021-04-09,Immagine,6,http://pti.regione.sicilia.it/portal/page/portal/PIR_PORTALE/PIR_Covid19OrdinanzePresidenzadellaRegione/Ordinanza%20n.%2038%20del%209%20aprile%202021.pdf,
82021,Carini,rossa,2021-04-11,2021-04-22,38-09042021,38,2021-04-09,Immagine,6,http://pti.regione.sicilia.it/portal/page/portal/PIR_PORTALE/PIR_Covid19OrdinanzePresidenzadellaRegione/Ordinanza%20n.%2038%20del%209%20aprile%202021.pdf,
82033,Contessa Entellina,rossa,2021-04-11,2021-04-22,38-09042021,38,2021-04-09,Immagine,6,http://pti.regione.sicilia.it/portal/page/portal/PIR_PORTALE/PIR_Covid19OrdinanzePresidenzadellaRegione/Ordinanza%20n.%2038%20del%209%20aprile%202021.pdf,
82005,Altofonte,rossa,2021-04-11,2021-04-22,38-09042021,38,2021-04-09,Immagine,6,http://pti.regione.sicilia.it/portal/page/portal/PIR_PORTALE/PIR_Covid19OrdinanzePresidenzadellaRegione/Ordinanza%20n.%2038%20del%209%20aprile%202021.pdf,
82002,Alimena,rossa,2021-04-11,2021-04-22,38-09042021,38,2021-04-09,Immagine,6,http://pti.regione.sicilia.it/portal/page/portal/PIR_PORTALE/PIR_Covid19OrdinanzePresidenzadellaRegione/Ordinanza%20n.%2038%20del%209%20aprile%202021.pdf,
82065,San Mauro Castelverde,rossa,2021-04-11,2021-04-22,38-09042021,38,2021-04-09,Immagine,6,http://pti.regione.sicilia.it/portal/page/portal/PIR_PORTALE/PIR_Covid19OrdinanzePresidenzadellaRegione/Ordinanza%20n.%2038%20del%209%20aprile%202021.pdf,
82066,Santa Cristina Gela,rossa,2021-04-11,2021-04-22,38-09042021,38,2021-04-09,Immagine,6,http://pti.regione.sicilia.it/portal/page/portal/PIR_PORTALE/PIR_Covid19OrdinanzePresidenzadellaRegione/Ordinanza%20n.%2038%20del%209%20aprile%202021.pdf,
82022,Castelbuono,rossa,2021-04-11,2021-04-22,38-09042021,38,2021-04-09,Immagine,6,http://pti.regione.sicilia.it/portal/page/portal/PIR_PORTALE/PIR_Covid19OrdinanzePresidenzadellaRegione/Ordinanza%20n.%2038%20del%209%20aprile%202021.pdf,
82015,Caltavuturo,rossa,2021-04-11,2021-04-22,38-09042021,38,2021-04-09,Immagine,6,http://pti.regione.sicilia.it/portal/page/portal/PIR_PORTALE/PIR_Covid19OrdinanzePresidenzadellaRegione/Ordinanza%20n.%2038%20del%209%20aprile%202021.pdf,
82046,Marineo,rossa,2021-04-11,2021-04-22,38-09042021,38,2021-04-09,Immagine,6,http://pti.regione.sicilia.it/portal/page/portal/PIR_PORTALE/PIR_Covid19OrdinanzePresidenzadellaRegione/Ordinanza%20n.%2038%20del%209%20aprile%202021.pdf,
82016,Campofelice di Fitalia,rossa,2021-04-11,2021-04-22,38-09042021,38,2021-04-09,Immagine,6,http://pti.regione.sicilia.it/portal/page/portal/PIR_PORTALE/PIR_Covid19OrdinanzePresidenzadellaRegione/Ordinanza%20n.%2038%20del%209%20aprile%202021.pdf,
82014,Caccamo,rossa,2021-04-11,2021-04-22,38-09042021,38,2021-04-09,Immagine,6,http://pti.regione.sicilia.it/portal/page/portal/PIR_PORTALE/PIR_Covid19OrdinanzePresidenzadellaRegione/Ordinanza%20n.%2038%20del%209%20aprile%202021.pdf,
82010,Bisacquino,rossa,2021-04-11,2021-04-22,38-09042021,38,2021-04-09,Immagine,6,http://pti.regione.sicilia.it/portal/page/portal/PIR_PORTALE/PIR_Covid19OrdinanzePresidenzadellaRegione/Ordinanza%20n.%2038%20del%209%20aprile%202021.pdf,
82007,Balestrate,rossa,2021-04-11,2021-04-22,38-09042021,38,2021-04-09,Immagine,6,http://pti.regione.sicilia.it/portal/page/portal/PIR_PORTALE/PIR_Covid19OrdinanzePresidenzadellaRegione/Ordinanza%20n.%2038%20del%209%20aprile%202021.pdf,
82004,Altavilla Milicia,rossa,2021-04-11,2021-04-22,38-09042021,38,2021-04-09,Immagine,6,http://pti.regione.sicilia.it/portal/page/portal/PIR_PORTALE/PIR_Covid19OrdinanzePresidenzadellaRegione/Ordinanza%20n.%2038%20del%209%20aprile%202021.pdf,
82039,Giuliana,rossa,2021-04-11,2021-04-22,38-09042021,38,2021-04-09,Immagine,6,http://pti.regione.sicilia.it/portal/page/portal/PIR_PORTALE/PIR_Covid19OrdinanzePresidenzadellaRegione/Ordinanza%20n.%2038%20del%209%20aprile%202021.pdf,
82038,Giardinello,rossa,2021-04-11,2021-04-22,38-09042021,38,2021-04-09,Immagine,6,http://pti.regione.sicilia.it/portal/page/portal/PIR_PORTALE/PIR_Covid19OrdinanzePresidenzadellaRegione/Ordinanza%20n.%2038%20del%209%20aprile%202021.pdf,
82049,Monreale,rossa,2021-04-11,2021-04-22,38-09042021,38,2021-04-09,Immagine,6,http://pti.regione.sicilia.it/portal/page/portal/PIR_PORTALE/PIR_Covid19OrdinanzePresidenzadellaRegione/Ordinanza%20n.%2038%20del%209%20aprile%202021.pdf,
82023,Casteldaccia,rossa,2021-04-11,2021-04-22,38-09042021,38,2021-04-09,Immagine,6,http://pti.regione.sicilia.it/portal/page/portal/PIR_PORTALE/PIR_Covid19OrdinanzePresidenzadellaRegione/Ordinanza%20n.%2038%20del%209%20aprile%202021.pdf,
82037,Geraci Siculo,rossa,2021-04-11,2021-04-22,38-09042021,38,2021-04-09,Immagine,6,http://pti.regione.sicilia.it/portal/page/portal/PIR_PORTALE/PIR_Covid19OrdinanzePresidenzadellaRegione/Ordinanza%20n.%2038%20del%209%20aprile%202021.pdf,
82047,Mezzojuso,rossa,2021-04-11,2021-04-22,38-09042021,38,2021-04-09,Immagine,6,http://pti.regione.sicilia.it/portal/page/portal/PIR_PORTALE/PIR_Covid19OrdinanzePresidenzadellaRegione/Ordinanza%20n.%2038%20del%209%20aprile%202021.pdf,
82030,Ciminna,rossa,2021-04-11,2021-04-22,38-09042021,38,2021-04-09,Immagine,6,http://pti.regione.sicilia.it/portal/page/portal/PIR_PORTALE/PIR_Covid19OrdinanzePresidenzadellaRegione/Ordinanza%20n.%2038%20del%209%20aprile%202021.pdf,
82018,Campofiorito,rossa,2021-04-11,2021-04-22,38-09042021,38,2021-04-09,Immagine,6,http://pti.regione.sicilia.it/portal/page/portal/PIR_PORTALE/PIR_Covid19OrdinanzePresidenzadellaRegione/Ordinanza%20n.%2038%20del%209%20aprile%202021.pdf,
82017,Campofelice di Roccella,rossa,2021-04-11,2021-04-22,38-09042021,38,2021-04-09,Immagine,6,http://pti.regione.sicilia.it/portal/page/portal/PIR_PORTALE/PIR_Covid19OrdinanzePresidenzadellaRegione/Ordinanza%20n.%2038%20del%209%20aprile%202021.pdf,
82013,Borgetto,rossa,2021-04-11,2021-04-22,38-09042021,38,2021-04-09,Immagine,6,http://pti.regione.sicilia.it/portal/page/portal/PIR_PORTALE/PIR_Covid19OrdinanzePresidenzadellaRegione/Ordinanza%20n.%2038%20del%209%20aprile%202021.pdf,
82012,Bompietro,rossa,2021-04-11,2021-04-22,38-09042021,38,2021-04-09,Immagine,6,http://pti.regione.sicilia.it/portal/page/portal/PIR_PORTALE/PIR_Covid19OrdinanzePresidenzadellaRegione/Ordinanza%20n.%2038%20del%209%20aprile%202021.pdf,
82064,San Giuseppe Jato,rossa,2021-04-11,2021-04-22,38-09042021,38,2021-04-09,Immagine,6,http://pti.regione.sicilia.it/portal/page/portal/PIR_PORTALE/PIR_Covid19OrdinanzePresidenzadellaRegione/Ordinanza%20n.%2038%20del%209%20aprile%202021.pdf,
82063,San Cipirello,rossa,2021-04-11,2021-04-22,38-09042021,38,2021-04-09,Immagine,6,http://pti.regione.sicilia.it/portal/page/portal/PIR_PORTALE/PIR_Covid19OrdinanzePresidenzadellaRegione/Ordinanza%20n.%2038%20del%209%20aprile%202021.pdf,
82026,Cefalà Diana,rossa,2021-04-11,2021-04-22,38-09042021,38,2021-04-09,Immagine,6,http://pti.regione.sicilia.it/portal/page/portal/PIR_PORTALE/PIR_Covid19OrdinanzePresidenzadellaRegione/Ordinanza%20n.%2038%20del%209%20aprile%202021.pdf,
82081,Scillato,rossa,2021-04-11,2021-04-22,38-09042021,38,2021-04-09,Immagine,6,http://pti.regione.sicilia.it/portal/page/portal/PIR_PORTALE/PIR_Covid19OrdinanzePresidenzadellaRegione/Ordinanza%20n.%2038%20del%209%20aprile%202021.pdf,
82035,Ficarazzi,rossa,2021-04-11,2021-04-22,38-09042021,38,2021-04-09,Immagine,6,http://pti.regione.sicilia.it/portal/page/portal/PIR_PORTALE/PIR_Covid19OrdinanzePresidenzadellaRegione/Ordinanza%20n.%2038%20del%209%20aprile%202021.pdf,
82050,Montelepre,rossa,2021-04-11,2021-04-22,38-09042021,38,2021-04-09,Immagine,6,http://pti.regione.sicilia.it/portal/page/portal/PIR_PORTALE/PIR_Covid19OrdinanzePresidenzadellaRegione/Ordinanza%20n.%2038%20del%209%20aprile%202021.pdf,
82003,Aliminusa,rossa,2021-04-11,2021-04-22,38-09042021,38,2021-04-09,Immagine,6,http://pti.regione.sicilia.it/portal/page/portal/PIR_PORTALE/PIR_Covid19OrdinanzePresidenzadellaRegione/Ordinanza%20n.%2038%20del%209%20aprile%202021.pdf,
82068,Sciara,rossa,2021-04-11,2021-04-22,38-09042021,38,2021-04-09,Immagine,6,http://pti.regione.sicilia.it/portal/page/portal/PIR_PORTALE/PIR_Covid19OrdinanzePresidenzadellaRegione/Ordinanza%20n.%2038%20del%209%20aprile%202021.pdf,
82072,Torretta,rossa,2021-04-11,2021-04-22,38-09042021,38,2021-04-09,Immagine,6,http://pti.regione.sicilia.it/portal/page/portal/PIR_PORTALE/PIR_Covid19OrdinanzePresidenzadellaRegione/Ordinanza%20n.%2038%20del%209%20aprile%202021.pdf,
82074,Trappeto,rossa,2021-04-11,2021-04-22,38-09042021,38,2021-04-09,Immagine,6,http://pti.regione.sicilia.it/portal/page/portal/PIR_PORTALE/PIR_Covid19OrdinanzePresidenzadellaRegione/Ordinanza%20n.%2038%20del%209%20aprile%202021.pdf,
82073,Trabia,rossa,2021-04-11,2021-04-22,38-09042021,38,2021-04-09,Immagine,6,http://pti.regione.sicilia.it/portal/page/portal/PIR_PORTALE/PIR_Covid19OrdinanzePresidenzadellaRegione/Ordinanza%20n.%2038%20del%209%20aprile%202021.pdf,
82045,Lercara Friddi,rossa,2021-04-11,2021-04-22,38-09042021,38,2021-04-09,Immagine,6,http://pti.regione.sicilia.it/portal/page/portal/PIR_PORTALE/PIR_Covid19OrdinanzePresidenzadellaRegione/Ordinanza%20n.%2038%20del%209%20aprile%202021.pdf,
82078,Vicari,rossa,2021-04-11,2021-04-22,38-09042021,38,2021-04-09,Immagine,6,http://pti.regione.sicilia.it/portal/page/portal/PIR_PORTALE/PIR_Covid19OrdinanzePresidenzadellaRegione/Ordinanza%20n.%2038%20del%209%20aprile%202021.pdf,
82057,Piana degli Albanesi,rossa,2021-04-11,2021-04-22,38-09042021,38,2021-04-09,Immagine,6,http://pti.regione.sicilia.it/portal/page/portal/PIR_PORTALE/PIR_Covid19OrdinanzePresidenzadellaRegione/Ordinanza%20n.%2038%20del%209%20aprile%202021.pdf,
82067,Santa Flavia,rossa,2021-04-11,2021-04-22,38-09042021,38,2021-04-09,Immagine,6,http://pti.regione.sicilia.it/portal/page/portal/PIR_PORTALE/PIR_Covid19OrdinanzePresidenzadellaRegione/Ordinanza%20n.%2038%20del%209%20aprile%202021.pdf,
82034,Corleone,rossa,2021-04-11,2021-04-22,38-09042021,38,2021-04-09,Immagine,6,http://pti.regione.sicilia.it/portal/page/portal/PIR_PORTALE/PIR_Covid19OrdinanzePresidenzadellaRegione/Ordinanza%20n.%2038%20del%209%20aprile%202021.pdf,
82024,Castellana Sicula,rossa,2021-04-11,2021-04-22,38-09042021,38,2021-04-09,Immagine,6,http://pti.regione.sicilia.it/portal/page/portal/PIR_PORTALE/PIR_Covid19OrdinanzePresidenzadellaRegione/Ordinanza%20n.%2038%20del%209%20aprile%202021.pdf,
82048,Misilmeri,rossa,2021-04-11,2021-04-22,38-09042021,38,2021-04-09,Immagine,6,http://pti.regione.sicilia.it/portal/page/portal/PIR_PORTALE/PIR_Covid19OrdinanzePresidenzadellaRegione/Ordinanza%20n.%2038%20del%209%20aprile%202021.pdf,
82006,Bagheria,rossa,2021-04-11,2021-04-22,38-09042021,38,2021-04-09,Immagine,6,http://pti.regione.sicilia.it/portal/page/portal/PIR_PORTALE/PIR_Covid19OrdinanzePresidenzadellaRegione/Ordinanza%20n.%2038%20del%209%20aprile%202021.pdf,
82056,Petralia Sottana,rossa,2021-04-11,2021-04-22,38-09042021,38,2021-04-09,Immagine,6,http://pti.regione.sicilia.it/portal/page/portal/PIR_PORTALE/PIR_Covid19OrdinanzePresidenzadellaRegione/Ordinanza%20n.%2038%20del%209%20aprile%202021.pdf,
82061,Roccamena,rossa,2021-04-11,2021-04-22,38-09042021,38,2021-04-09,Immagine,6,http://pti.regione.sicilia.it/portal/page/portal/PIR_PORTALE/PIR_Covid19OrdinanzePresidenzadellaRegione/Ordinanza%20n.%2038%20del%209%20aprile%202021.pdf,
82071,Terrasini,rossa,2021-04-11,2021-04-22,38-09042021,38,2021-04-09,Immagine,6,http://pti.regione.sicilia.it/portal/page/portal/PIR_PORTALE/PIR_Covid19OrdinanzePresidenzadellaRegione/Ordinanza%20n.%2038%20del%209%20aprile%202021.pdf,
82075,Ustica,rossa,2021-04-11,2021-04-22,38-09042021,38,2021-04-09,Immagine,6,http://pti.regione.sicilia.it/portal/page/portal/PIR_PORTALE/PIR_Covid19OrdinanzePresidenzadellaRegione/Ordinanza%20n.%2038%20del%209%20aprile%202021.pdf,
82082,Blufi,rossa,2021-04-11,2021-04-22,38-09042021,38,2021-04-09,Immagine,6,http://pti.regione.sicilia.it/portal/page/portal/PIR_PORTALE/PIR_Covid19OrdinanzePresidenzadellaRegione/Ordinanza%20n.%2038%20del%209%20aprile%202021.pdf,
82069,Sclafani Bagni,rossa,2021-04-11,2021-04-22,38-09042021,38,2021-04-09,Immagine,6,http://pti.regione.sicilia.it/portal/page/portal/PIR_PORTALE/PIR_Covid19OrdinanzePresidenzadellaRegione/Ordinanza%20n.%2038%20del%209%20aprile%202021.pdf,
82079,Villabate,rossa,2021-04-11,2021-04-22,38-09042021,38,2021-04-09,Immagine,6,http://pti.regione.sicilia.it/portal/page/portal/PIR_PORTALE/PIR_Covid19OrdinanzePresidenzadellaRegione/Ordinanza%20n.%2038%20del%209%20aprile%202021.pdf,
82051,Montemaggiore Belsito,rossa,2021-04-11,2021-04-22,38-09042021,38,2021-04-09,Immagine,6,http://pti.regione.sicilia.it/portal/page/portal/PIR_PORTALE/PIR_Covid19OrdinanzePresidenzadellaRegione/Ordinanza%20n.%2038%20del%209%20aprile%202021.pdf,
82028,Cerda,rossa,2021-04-11,2021-04-22,38-09042021,38,2021-04-09,Immagine,6,http://pti.regione.sicilia.it/portal/page/portal/PIR_PORTALE/PIR_Covid19OrdinanzePresidenzadellaRegione/Ordinanza%20n.%2038%20del%209%20aprile%202021.pdf,
82080,Villafrati,rossa,2021-04-11,2021-04-22,38-09042021,38,2021-04-09,Immagine,6,http://pti.regione.sicilia.it/portal/page/portal/PIR_PORTALE/PIR_Covid19OrdinanzePresidenzadellaRegione/Ordinanza%20n.%2038%20del%209%20aprile%202021.pdf,
82001,Alia,rossa,2021-04-11,2021-04-22,38-09042021,38,2021-04-09,Immagine,6,http://pti.regione.sicilia.it/portal/page/portal/PIR_PORTALE/PIR_Covid19OrdinanzePresidenzadellaRegione/Ordinanza%20n.%2038%20del%209%20aprile%202021.pdf,
82040,Godrano,rossa,2021-04-11,2021-04-22,38-09042021,38,2021-04-09,Immagine,6,http://pti.regione.sicilia.it/portal/page/portal/PIR_PORTALE/PIR_Covid19OrdinanzePresidenzadellaRegione/Ordinanza%20n.%2038%20del%209%20aprile%202021.pdf,
82009,Belmonte Mezzagno,rossa,2021-04-11,2021-04-22,38-09042021,38,2021-04-09,Immagine,6,http://pti.regione.sicilia.it/portal/page/portal/PIR_PORTALE/PIR_Covid19OrdinanzePresidenzadellaRegione/Ordinanza%20n.%2038%20del%209%20aprile%202021.pdf,
82008,Baucina,rossa,2021-04-11,2021-04-22,38-09042021,38,2021-04-09,Immagine,6,http://pti.regione.sicilia.it/portal/page/portal/PIR_PORTALE/PIR_Covid19OrdinanzePresidenzadellaRegione/Ordinanza%20n.%2038%20del%209%20aprile%202021.pdf,
82076,Valledolmo,rossa,2021-04-11,2021-04-22,38-09042021,38,2021-04-09,Immagine,6,http://pti.regione.sicilia.it/portal/page/portal/PIR_PORTALE/PIR_Covid19OrdinanzePresidenzadellaRegione/Ordinanza%20n.%2038%20del%209%20aprile%202021.pdf,
82036,Gangi,rossa,2021-04-11,2021-04-22,38-09042021,38,2021-04-09,Immagine,6,http://pti.regione.sicilia.it/portal/page/portal/PIR_PORTALE/PIR_Covid19OrdinanzePresidenzadellaRegione/Ordinanza%20n.%2038%20del%209%20aprile%202021.pdf,
82032,Collesano,rossa,2021-04-11,2021-04-22,38-09042021,38,2021-04-09,Immagine,6,http://pti.regione.sicilia.it/portal/page/portal/PIR_PORTALE/PIR_Covid19OrdinanzePresidenzadellaRegione/Ordinanza%20n.%2038%20del%209%20aprile%202021.pdf,
82077,Ventimiglia di Sicilia,rossa,2021-04-11,2021-04-22,38-09042021,38,2021-04-09,Immagine,6,http://pti.regione.sicilia.it/portal/page/portal/PIR_PORTALE/PIR_Covid19OrdinanzePresidenzadellaRegione/Ordinanza%20n.%2038%20del%209%20aprile%202021.pdf,
82031,Cinisi,rossa,2021-04-11,2021-04-22,38-09042021,38,2021-04-09,Immagine,6,http://pti.regione.sicilia.it/portal/page/portal/PIR_PORTALE/PIR_Covid19OrdinanzePresidenzadellaRegione/Ordinanza%20n.%2038%20del%209%20aprile%202021.pdf,
82020,Capaci,rossa,2021-04-11,2021-04-22,38-09042021,38,2021-04-09,Immagine,6,http://pti.regione.sicilia.it/portal/page/portal/PIR_PORTALE/PIR_Covid19OrdinanzePresidenzadellaRegione/Ordinanza%20n.%2038%20del%209%20aprile%202021.pdf,
82019,Camporeale,rossa,2021-04-11,2021-04-22,38-09042021,38,2021-04-09,Immagine,6,http://pti.regione.sicilia.it/portal/page/portal/PIR_PORTALE/PIR_Covid19OrdinanzePresidenzadellaRegione/Ordinanza%20n.%2038%20del%209%20aprile%202021.pdf,
82059,Pollina,rossa,2021-04-11,2021-04-22,38-09042021,38,2021-04-09,Immagine,6,http://pti.regione.sicilia.it/portal/page/portal/PIR_PORTALE/PIR_Covid19OrdinanzePresidenzadellaRegione/Ordinanza%20n.%2038%20del%209%20aprile%202021.pdf,
82054,Partinico,rossa,2021-04-11,2021-04-22,38-09042021,38,2021-04-09,Immagine,6,http://pti.regione.sicilia.it/portal/page/portal/PIR_PORTALE/PIR_Covid19OrdinanzePresidenzadellaRegione/Ordinanza%20n.%2038%20del%209%20aprile%202021.pdf,
82070,Termini Imerese,rossa,2021-04-11,2021-04-22,38-09042021,38,2021-04-09,Immagine,6,http://pti.regione.sicilia.it/portal/page/portal/PIR_PORTALE/PIR_Covid19OrdinanzePresidenzadellaRegione/Ordinanza%20n.%2038%20del%209%20aprile%202021.pdf,
82052,Palazzo Adriano,rossa,2021-04-11,2021-04-22,38-09042021,38,2021-04-09,Immagine,6,http://pti.regione.sicilia.it/portal/page/portal/PIR_PORTALE/PIR_Covid19OrdinanzePresidenzadellaRegione/Ordinanza%20n.%2038%20del%209%20aprile%202021.pdf,
82053,Palermo,rossa,2021-04-11,2021-04-22,38-09042021,38,2021-04-09,Immagine,6,http://pti.regione.sicilia.it/portal/page/portal/PIR_PORTALE/PIR_Covid19OrdinanzePresidenzadellaRegione/Ordinanza%20n.%2038%20del%209%20aprile%202021.pdf,
82058,Polizzi Generosa,rossa,2021-04-11,2021-04-22,38-09042021,38,2021-04-09,Immagine,6,http://pti.regione.sicilia.it/portal/page/portal/PIR_PORTALE/PIR_Covid19OrdinanzePresidenzadellaRegione/Ordinanza%20n.%2038%20del%209%20aprile%202021.pdf,
82060,Prizzi,rossa,2021-04-11,2021-04-22,38-09042021,38,2021-04-09,Immagine,6,http://pti.regione.sicilia.it/portal/page/portal/PIR_PORTALE/PIR_Covid19OrdinanzePresidenzadellaRegione/Ordinanza%20n.%2038%20del%209%20aprile%202021.pdf,
82062,Roccapalumba,rossa,2021-04-11,2021-04-22,38-09042021,38,2021-04-09,Immagine,6,http://pti.regione.sicilia.it/portal/page/portal/PIR_PORTALE/PIR_Covid19OrdinanzePresidenzadellaRegione/Ordinanza%20n.%2038%20del%209%20aprile%202021.pdf,
82055,Petralia Soprana,rossa,2021-04-11,2021-04-22,38-09042021,38,2021-04-09,Immagine,6,http://pti.regione.sicilia.it/portal/page/portal/PIR_PORTALE/PIR_Covid19OrdinanzePresidenzadellaRegione/Ordinanza%20n.%2038%20del%209%20aprile%202021.pdf,
85013,Niscemi,rossa,2021-04-14,2021-04-28,39-12042021,39,2021-04-12,Testo,6,http://pti.regione.sicilia.it/portal/page/portal/PIR_PORTALE/PIR_Covid19OrdinanzePresidenzadellaRegione/Ordinanza%20n.%2039%20%20del%2012-04-2021(firmato).pdf,
87037,Ramacca,rossa,2021-04-14,2021-04-28,39-12042021,39,2021-04-12,Testo,6,http://pti.regione.sicilia.it/portal/page/portal/PIR_PORTALE/PIR_Covid19OrdinanzePresidenzadellaRegione/Ordinanza%20n.%2039%20%20del%2012-04-2021(firmato).pdf,
87055,Zafferana Etnea,rossa,2021-04-14,2021-04-28,39-12042021,39,2021-04-12,Testo,6,http://pti.regione.sicilia.it/portal/page/portal/PIR_PORTALE/PIR_Covid19OrdinanzePresidenzadellaRegione/Ordinanza%20n.%2039%20%20del%2012-04-2021(firmato).pdf,
84011,Canicattì,rossa,2021-04-15,2021-04-28,40-13042021,40,2021-04-13,Testo,6,http://pti.regione.sicilia.it/portal/page/portal/PIR_PORTALE/PIR_Covid19OrdinanzePresidenzadellaRegione/Ordinanza%20n.%2040%20del%2013%20aprile%202021.pdf,
84017,Favara,rossa,2021-04-15,2021-04-28,40-13042021,40,2021-04-13,Testo,6,http://pti.regione.sicilia.it/portal/page/portal/PIR_PORTALE/PIR_Covid19OrdinanzePresidenzadellaRegione/Ordinanza%20n.%2040%20del%2013%20aprile%202021.pdf,
89016,Rosolini,rossa,2021-04-14,2021-04-22,40-13042021,40,2021-04-13,Testo,6,http://pti.regione.sicilia.it/portal/page/portal/PIR_PORTALE/PIR_Covid19OrdinanzePresidenzadellaRegione/Ordinanza%20n.%2040%20del%2013%20aprile%202021.pdf,
89018,Solarino,rossa,2021-04-14,2021-04-22,40-13042021,40,2021-04-13,Testo,6,http://pti.regione.sicilia.it/portal/page/portal/PIR_PORTALE/PIR_Covid19OrdinanzePresidenzadellaRegione/Ordinanza%20n.%2040%20del%2013%20aprile%202021.pdf,
86006,Catenanuova,rossa,2021-04-16,2021-04-28,41-14042022,41,2022-04-14,Immagine,7,http://pti.regione.sicilia.it/portal/page/portal/PIR_PORTALE/PIR_Covid19OrdinanzePresidenzadellaRegione/Ordinanza-41-14042021.pdf,
86008,Cerami,rossa,2021-04-16,2021-04-28,41-14042022,41,2022-04-14,Immagine,7,http://pti.regione.sicilia.it/portal/page/portal/PIR_PORTALE/PIR_Covid19OrdinanzePresidenzadellaRegione/Ordinanza-41-14042021.pdf,
85012,Mussomeli,rossa,2021-04-16,2021-04-28,41-14042022,41,2022-04-14,Immagine,7,http://pti.regione.sicilia.it/portal/page/portal/PIR_PORTALE/PIR_Covid19OrdinanzePresidenzadellaRegione/Ordinanza-41-14042021.pdf,
87046,Sant‘Alfio,rossa,2021-04-16,2021-04-28,41-14042022,41,2022-04-14,Immagine,7,http://pti.regione.sicilia.it/portal/page/portal/PIR_PORTALE/PIR_Covid19OrdinanzePresidenzadellaRegione/Ordinanza-41-14042021.pdf,
87008,Biancavilla,rossa,2021-04-14,2021-04-22,41-14042022,41,2022-04-14,Immagine,7,http://pti.regione.sicilia.it/portal/page/portal/PIR_PORTALE/PIR_Covid19OrdinanzePresidenzadellaRegione/Ordinanza-41-14042021.pdf,
85004,Caltanissetta,rossa,2021-04-14,2021-04-22,41-14042022,41,2022-04-14,Immagine,7,http://pti.regione.sicilia.it/portal/page/portal/PIR_PORTALE/PIR_Covid19OrdinanzePresidenzadellaRegione/Ordinanza-41-14042021.pdf,
86007,Centuripe,rossa,2021-04-14,2021-04-22,41-14042022,41,2022-04-14,Immagine,7,http://pti.regione.sicilia.it/portal/page/portal/PIR_PORTALE/PIR_Covid19OrdinanzePresidenzadellaRegione/Ordinanza-41-14042021.pdf,
83025,Francavilla di Sicilia,rossa,2021-04-14,2021-04-22,41-14042022,41,2022-04-14,Immagine,7,http://pti.regione.sicilia.it/portal/page/portal/PIR_PORTALE/PIR_Covid19OrdinanzePresidenzadellaRegione/Ordinanza-41-14042021.pdf,
84020,Lampedusa e Linosa,rossa,2021-04-14,2021-04-22,41-14042022,41,2022-04-14,Immagine,7,http://pti.regione.sicilia.it/portal/page/portal/PIR_PORTALE/PIR_Covid19OrdinanzePresidenzadellaRegione/Ordinanza-41-14042021.pdf,
85009,Mazzarino,rossa,2021-04-14,2021-04-22,41-14042022,41,2022-04-14,Immagine,7,http://pti.regione.sicilia.it/portal/page/portal/PIR_PORTALE/PIR_Covid19OrdinanzePresidenzadellaRegione/Ordinanza-41-14042021.pdf,
86015,Pietraperzia,rossa,2021-04-14,2021-04-22,41-14042022,41,2022-04-14,Immagine,7,http://pti.regione.sicilia.it/portal/page/portal/PIR_PORTALE/PIR_Covid19OrdinanzePresidenzadellaRegione/Ordinanza-41-14042021.pdf,
86016,Regalbuto,rossa,2021-04-14,2021-04-22,41-14042022,41,2022-04-14,Immagine,7,http://pti.regione.sicilia.it/portal/page/portal/PIR_PORTALE/PIR_Covid19OrdinanzePresidenzadellaRegione/Ordinanza-41-14042021.pdf,
87004,Acireale,rossa,2021-04-17,2021-04-28,42-15042021,42,2021-04-15,Immagine,6,http://pti.regione.sicilia.it/portal/page/portal/PIR_PORTALE/PIR_Covid19OrdinanzePresidenzadellaRegione/ordinanza-42-15042021.pdf,
89006,Carlentini,rossa,2021-04-17,2021-04-28,42-15042021,42,2021-04-15,Immagine,6,http://pti.regione.sicilia.it/portal/page/portal/PIR_PORTALE/PIR_Covid19OrdinanzePresidenzadellaRegione/ordinanza-42-15042021.pdf,
89011,Lentini,rossa,2021-04-17,2021-04-28,42-15042021,42,2021-04-15,Immagine,6,http://pti.regione.sicilia.it/portal/page/portal/PIR_PORTALE/PIR_Covid19OrdinanzePresidenzadellaRegione/ordinanza-42-15042021.pdf,
85008,Marianopoli,rossa,2021-04-17,2021-04-28,42-15042021,42,2021-04-15,Immagine,6,http://pti.regione.sicilia.it/portal/page/portal/PIR_PORTALE/PIR_Covid19OrdinanzePresidenzadellaRegione/ordinanza-42-15042021.pdf,
84027,Palma di Montechiaro,rossa,2021-04-17,2021-04-28,42-15042021,42,2021-04-15,Immagine,6,http://pti.regione.sicilia.it/portal/page/portal/PIR_PORTALE/PIR_Covid19OrdinanzePresidenzadellaRegione/ordinanza-42-15042021.pdf,
85014,Resuttano,rossa,2021-04-17,2021-04-28,42-15042021,42,2021-04-15,Immagine,6,http://pti.regione.sicilia.it/portal/page/portal/PIR_PORTALE/PIR_Covid19OrdinanzePresidenzadellaRegione/ordinanza-42-15042021.pdf,
87003,Aci Catena,rossa,2021-04-18,2021-04-28,43-16042021,43,2021-04-16,Testo,6,http://pti.regione.sicilia.it/portal/page/portal/PIR_PORTALE/PIR_Covid19OrdinanzePresidenzadellaRegione/ordinanza-43-16042021.pdf,
87006,Adrano,rossa,2021-04-18,2021-04-28,43-16042021,43,2021-04-16,Testo,6,http://pti.regione.sicilia.it/portal/page/portal/PIR_PORTALE/PIR_Covid19OrdinanzePresidenzadellaRegione/ordinanza-43-16042021.pdf,
83032,Giardini-Naxos,rossa,2021-04-18,2021-04-28,43-16042021,43,2021-04-16,Testo,6,http://pti.regione.sicilia.it/portal/page/portal/PIR_PORTALE/PIR_Covid19OrdinanzePresidenzadellaRegione/ordinanza-43-16042021.pdf,
83052,Mistretta,rossa,2021-04-18,2021-04-28,43-16042022,43,2022-04-16,Testo,6,http://pti.regione.sicilia.it/portal/page/portal/PIR_PORTALE/PIR_Covid19OrdinanzePresidenzadellaRegione/ordinanza-43-16042021.pdf,
89003,Buccheri,rossa,2021-04-19,2021-04-30,44-17042021,44,2021-04-17,Testo,6,https://pti.regione.sicilia.it/portal/page/portal/PIR_PORTALE/PIR_Covid19OrdinanzePresidenzadellaRegione/Ordinanza-44-17042021.pdf,
89008,Ferla,rossa,2021-04-19,2021-04-30,44-17042021,44,2021-04-17,Testo,6,https://pti.regione.sicilia.it/portal/page/portal/PIR_PORTALE/PIR_Covid19OrdinanzePresidenzadellaRegione/Ordinanza-44-17042021.pdf,
83042,Longi,rossa,2021-04-21,2021-04-30,45-19042021,45,2021-04-19,Immagine,6,https://pti.regione.sicilia.it/portal/page/portal/PIR_PORTALE/PIR_Covid19OrdinanzePresidenzadellaRegione/ordinanza-45-19042021.pdf,
84024,Montallegro,rossa,2021-04-21,2021-04-30,45-19042021,45,2021-04-19,Immagine,6,https://pti.regione.sicilia.it/portal/page/portal/PIR_PORTALE/PIR_Covid19OrdinanzePresidenzadellaRegione/ordinanza-45-19042021.pdf,
82053,Palermo,rossa,2021-04-23,2021-04-28,46-22042021,46,2021-04-22,Testo,6,http://pti.regione.sicilia.it/portal/page/portal/PIR_PORTALE/PIR_Covid19OrdinanzePresidenzadellaRegione/Ordinanza%20n.%2046%20del%2022%20aprile%202021(firmato).pdf,
85001,Acquaviva Platani,rossa,2021-04-23,2021-04-28,46-22042021,46,2021-04-22,Testo,6,http://pti.regione.sicilia.it/portal/page/portal/PIR_PORTALE/PIR_Covid19OrdinanzePresidenzadellaRegione/Ordinanza%20n.%2046%20del%2022%20aprile%202021(firmato).pdf,
82002,Alimena,rossa,2021-04-23,2021-04-28,46-22042021,46,2021-04-22,Testo,6,http://pti.regione.sicilia.it/portal/page/portal/PIR_PORTALE/PIR_Covid19OrdinanzePresidenzadellaRegione/Ordinanza%20n.%2046%20del%2022%20aprile%202021(firmato).pdf,
82006,Bagheria,rossa,2021-04-23,2021-04-28,46-22042021,46,2021-04-22,Testo,6,http://pti.regione.sicilia.it/portal/page/portal/PIR_PORTALE/PIR_Covid19OrdinanzePresidenzadellaRegione/Ordinanza%20n.%2046%20del%2022%20aprile%202021(firmato).pdf,
82008,Baucina,rossa,2021-04-23,2021-04-28,46-22042021,46,2021-04-22,Testo,6,http://pti.regione.sicilia.it/portal/page/portal/PIR_PORTALE/PIR_Covid19OrdinanzePresidenzadellaRegione/Ordinanza%20n.%2046%20del%2022%20aprile%202021(firmato).pdf,
82009,Belmonte Mezzagno,rossa,2021-04-23,2021-04-28,46-22042021,46,2021-04-22,Testo,6,http://pti.regione.sicilia.it/portal/page/portal/PIR_PORTALE/PIR_Covid19OrdinanzePresidenzadellaRegione/Ordinanza%20n.%2046%20del%2022%20aprile%202021(firmato).pdf,
87008,Biancavilla,rossa,2021-04-23,2021-04-28,46-22042021,46,2021-04-22,Testo,6,http://pti.regione.sicilia.it/portal/page/portal/PIR_PORTALE/PIR_Covid19OrdinanzePresidenzadellaRegione/Ordinanza%20n.%2046%20del%2022%20aprile%202021(firmato).pdf,
82013,Borgetto,rossa,2021-04-23,2021-04-28,46-22042021,46,2021-04-22,Testo,6,http://pti.regione.sicilia.it/portal/page/portal/PIR_PORTALE/PIR_Covid19OrdinanzePresidenzadellaRegione/Ordinanza%20n.%2046%20del%2022%20aprile%202021(firmato).pdf,
82021,Carini,rossa,2021-04-23,2021-04-28,46-22042021,46,2021-04-22,Testo,6,http://pti.regione.sicilia.it/portal/page/portal/PIR_PORTALE/PIR_Covid19OrdinanzePresidenzadellaRegione/Ordinanza%20n.%2046%20del%2022%20aprile%202021(firmato).pdf,
82023,Casteldaccia,rossa,2021-04-23,2021-04-28,46-22042021,46,2021-04-22,Testo,6,http://pti.regione.sicilia.it/portal/page/portal/PIR_PORTALE/PIR_Covid19OrdinanzePresidenzadellaRegione/Ordinanza%20n.%2046%20del%2022%20aprile%202021(firmato).pdf,
84014,Cattolica Eraclea,rossa,2021-04-23,2021-04-28,46-22042021,46,2021-04-22,Testo,6,http://pti.regione.sicilia.it/portal/page/portal/PIR_PORTALE/PIR_Covid19OrdinanzePresidenzadellaRegione/Ordinanza%20n.%2046%20del%2022%20aprile%202021(firmato).pdf,
86007,Centuripe,rossa,2021-04-23,2021-04-28,46-22042021,46,2021-04-22,Testo,6,http://pti.regione.sicilia.it/portal/page/portal/PIR_PORTALE/PIR_Covid19OrdinanzePresidenzadellaRegione/Ordinanza%20n.%2046%20del%2022%20aprile%202021(firmato).pdf,
82031,Cinisi,rossa,2021-04-23,2021-04-28,46-22042021,46,2021-04-22,Testo,6,http://pti.regione.sicilia.it/portal/page/portal/PIR_PORTALE/PIR_Covid19OrdinanzePresidenzadellaRegione/Ordinanza%20n.%2046%20del%2022%20aprile%202021(firmato).pdf,
82038,Giardinello,rossa,2021-04-23,2021-04-28,46-22042021,46,2021-04-22,Testo,6,http://pti.regione.sicilia.it/portal/page/portal/PIR_PORTALE/PIR_Covid19OrdinanzePresidenzadellaRegione/Ordinanza%20n.%2046%20del%2022%20aprile%202021(firmato).pdf,
82039,Giuliana,rossa,2021-04-23,2021-04-28,46-22042021,46,2021-04-22,Testo,6,http://pti.regione.sicilia.it/portal/page/portal/PIR_PORTALE/PIR_Covid19OrdinanzePresidenzadellaRegione/Ordinanza%20n.%2046%20del%2022%20aprile%202021(firmato).pdf,
84020,Lampedusa e Linosa,rossa,2021-04-23,2021-04-28,46-22042021,46,2021-04-22,Testo,6,http://pti.regione.sicilia.it/portal/page/portal/PIR_PORTALE/PIR_Covid19OrdinanzePresidenzadellaRegione/Ordinanza%20n.%2046%20del%2022%20aprile%202021(firmato).pdf,
82044,Lascari,rossa,2021-04-23,2021-04-28,46-22042021,46,2021-04-22,Testo,6,http://pti.regione.sicilia.it/portal/page/portal/PIR_PORTALE/PIR_Covid19OrdinanzePresidenzadellaRegione/Ordinanza%20n.%2046%20del%2022%20aprile%202021(firmato).pdf,
82047,Mezzojuso,rossa,2021-04-23,2021-04-28,46-22042021,46,2021-04-22,Testo,6,http://pti.regione.sicilia.it/portal/page/portal/PIR_PORTALE/PIR_Covid19OrdinanzePresidenzadellaRegione/Ordinanza%20n.%2046%20del%2022%20aprile%202021(firmato).pdf,
82048,Misilmeri,rossa,2021-04-23,2021-04-28,46-22042021,46,2021-04-22,Testo,6,http://pti.regione.sicilia.it/portal/page/portal/PIR_PORTALE/PIR_Covid19OrdinanzePresidenzadellaRegione/Ordinanza%20n.%2046%20del%2022%20aprile%202021(firmato).pdf,
82049,Monreale,rossa,2021-04-23,2021-04-28,46-22042021,46,2021-04-22,Testo,6,http://pti.regione.sicilia.it/portal/page/portal/PIR_PORTALE/PIR_Covid19OrdinanzePresidenzadellaRegione/Ordinanza%20n.%2046%20del%2022%20aprile%202021(firmato).pdf,
82054,Partinico,rossa,2021-04-23,2021-04-28,46-22042021,46,2021-04-22,Testo,6,http://pti.regione.sicilia.it/portal/page/portal/PIR_PORTALE/PIR_Covid19OrdinanzePresidenzadellaRegione/Ordinanza%20n.%2046%20del%2022%20aprile%202021(firmato).pdf,
82057,Piana degli Albanesi,rossa,2021-04-23,2021-04-28,46-22042021,46,2021-04-22,Testo,6,http://pti.regione.sicilia.it/portal/page/portal/PIR_PORTALE/PIR_Covid19OrdinanzePresidenzadellaRegione/Ordinanza%20n.%2046%20del%2022%20aprile%202021(firmato).pdf,
86015,Pietraperzia,rossa,2021-04-23,2021-04-28,46-22042021,46,2021-04-22,Testo,6,http://pti.regione.sicilia.it/portal/page/portal/PIR_PORTALE/PIR_Covid19OrdinanzePresidenzadellaRegione/Ordinanza%20n.%2046%20del%2022%20aprile%202021(firmato).pdf,
82063,San Cipirello,rossa,2021-04-23,2021-04-28,46-22042021,46,2021-04-22,Testo,6,http://pti.regione.sicilia.it/portal/page/portal/PIR_PORTALE/PIR_Covid19OrdinanzePresidenzadellaRegione/Ordinanza%20n.%2046%20del%2022%20aprile%202021(firmato).pdf,
82066,Santa Cristina Gela,rossa,2021-04-23,2021-04-28,46-22042021,46,2021-04-22,Testo,6,http://pti.regione.sicilia.it/portal/page/portal/PIR_PORTALE/PIR_Covid19OrdinanzePresidenzadellaRegione/Ordinanza%20n.%2046%20del%2022%20aprile%202021(firmato).pdf,
82070,Termini Imerese,rossa,2021-04-23,2021-04-28,46-22042021,46,2021-04-22,Testo,6,http://pti.regione.sicilia.it/portal/page/portal/PIR_PORTALE/PIR_Covid19OrdinanzePresidenzadellaRegione/Ordinanza%20n.%2046%20del%2022%20aprile%202021(firmato).pdf,
82072,Torretta,rossa,2021-04-23,2021-04-28,46-22042021,46,2021-04-22,Testo,6,http://pti.regione.sicilia.it/portal/page/portal/PIR_PORTALE/PIR_Covid19OrdinanzePresidenzadellaRegione/Ordinanza%20n.%2046%20del%2022%20aprile%202021(firmato).pdf,
82079,Villabate,rossa,2021-04-23,2021-04-28,46-22042021,46,2021-04-22,Testo,6,http://pti.regione.sicilia.it/portal/page/portal/PIR_PORTALE/PIR_Covid19OrdinanzePresidenzadellaRegione/Ordinanza%20n.%2046%20del%2022%20aprile%202021(firmato).pdf,
82080,Villafrati,rossa,2021-04-23,2021-04-28,46-22042021,46,2021-04-22,Testo,6,http://pti.regione.sicilia.it/portal/page/portal/PIR_PORTALE/PIR_Covid19OrdinanzePresidenzadellaRegione/Ordinanza%20n.%2046%20del%2022%20aprile%202021(firmato).pdf,
83021,Fiumedinisi,rossa,2021-04-24,2021-05-05,46-22042021,46,2021-04-22,Testo,6,http://pti.regione.sicilia.it/portal/page/portal/PIR_PORTALE/PIR_Covid19OrdinanzePresidenzadellaRegione/Ordinanza%20n.%2046%20del%2022%20aprile%202021(firmato).pdf,
85007,Gela,rossa,2021-04-24,2021-05-05,46-22042021,46,2021-04-22,Testo,6,http://pti.regione.sicilia.it/portal/page/portal/PIR_PORTALE/PIR_Covid19OrdinanzePresidenzadellaRegione/Ordinanza%20n.%2046%20del%2022%20aprile%202021(firmato).pdf,
87038,Randazzo,rossa,2021-04-24,2021-05-05,46-22042021,46,2021-04-22,Testo,6,http://pti.regione.sicilia.it/portal/page/portal/PIR_PORTALE/PIR_Covid19OrdinanzePresidenzadellaRegione/Ordinanza%20n.%2046%20del%2022%20aprile%202021(firmato).pdf,
86018,Troina,rossa,2021-04-24,2021-05-05,46-22042021,46,2021-04-22,Testo,6,http://pti.regione.sicilia.it/portal/page/portal/PIR_PORTALE/PIR_Covid19OrdinanzePresidenzadellaRegione/Ordinanza%20n.%2046%20del%2022%20aprile%202021(firmato).pdf,
89019,Sortino,rossa,2021-04-28,2021-05-05,47-26042021,47,2021-04-26,Testo,5,http://pti.regione.sicilia.it/portal/page/portal/PIR_PORTALE/PIR_Covid19OrdinanzePresidenzadellaRegione/Ordinanza-47-26042021.pdf,
87027,Mineo,rossa,2021-04-29,2021-05-05,48-27042021,48,2021-04-27,Testo,5,https://pti.regione.sicilia.it/portal/page/portal/PIR_PORTALE/PIR_Covid19OrdinanzePresidenzadellaRegione/Ordinanza-48-27042021.pdf,
85018,Serradifalco,rossa,2021-04-30,2021-05-12,49-28042021,49,2021-04-28,Testo,6,https://pti.regione.sicilia.it/portal/page/portal/PIR_PORTALE/PIR_Covid19OrdinanzePresidenzadellaRegione/Ordinanza-49-28042021.pdf,
83099,Tortorici,rossa,2021-04-30,2021-05-12,49-28042021,49,2021-04-28,Testo,6,https://pti.regione.sicilia.it/portal/page/portal/PIR_PORTALE/PIR_Covid19OrdinanzePresidenzadellaRegione/Ordinanza-49-28042021.pdf,
83101,Tusa,rossa,2021-04-30,2021-05-12,49-28042021,49,2021-04-28,Testo,6,https://pti.regione.sicilia.it/portal/page/portal/PIR_PORTALE/PIR_Covid19OrdinanzePresidenzadellaRegione/Ordinanza-49-28042021.pdf,
87003,Aci Catena,rossa,2021-04-29,2021-05-05,49-28042021,49,2021-04-28,Testo,6,https://pti.regione.sicilia.it/portal/page/portal/PIR_PORTALE/PIR_Covid19OrdinanzePresidenzadellaRegione/Ordinanza-49-28042021.pdf,
87006,Adrano,rossa,2021-04-29,2021-05-05,49-28042021,49,2021-04-28,Testo,6,https://pti.regione.sicilia.it/portal/page/portal/PIR_PORTALE/PIR_Covid19OrdinanzePresidenzadellaRegione/Ordinanza-49-28042021.pdf,
82008,Baucina,rossa,2021-04-29,2021-05-05,49-28042021,49,2021-04-28,Testo,6,https://pti.regione.sicilia.it/portal/page/portal/PIR_PORTALE/PIR_Covid19OrdinanzePresidenzadellaRegione/Ordinanza-49-28042021.pdf,
82009,Belmonte Mezzagno,rossa,2021-04-29,2021-05-05,49-28042021,49,2021-04-28,Testo,6,https://pti.regione.sicilia.it/portal/page/portal/PIR_PORTALE/PIR_Covid19OrdinanzePresidenzadellaRegione/Ordinanza-49-28042021.pdf,
82013,Borgetto,rossa,2021-04-29,2021-05-05,49-28042021,49,2021-04-28,Testo,6,https://pti.regione.sicilia.it/portal/page/portal/PIR_PORTALE/PIR_Covid19OrdinanzePresidenzadellaRegione/Ordinanza-49-28042021.pdf,
86006,Catenanuova,rossa,2021-04-29,2021-05-05,49-28042021,49,2021-04-28,Testo,6,https://pti.regione.sicilia.it/portal/page/portal/PIR_PORTALE/PIR_Covid19OrdinanzePresidenzadellaRegione/Ordinanza-49-28042021.pdf,
86008,Cerami,rossa,2021-04-29,2021-05-05,49-28042021,49,2021-04-28,Testo,6,https://pti.regione.sicilia.it/portal/page/portal/PIR_PORTALE/PIR_Covid19OrdinanzePresidenzadellaRegione/Ordinanza-49-28042021.pdf,
82031,Cinisi,rossa,2021-04-29,2021-05-05,49-28042021,49,2021-04-28,Testo,6,https://pti.regione.sicilia.it/portal/page/portal/PIR_PORTALE/PIR_Covid19OrdinanzePresidenzadellaRegione/Ordinanza-49-28042021.pdf,
82038,Giardinello,rossa,2021-04-29,2021-05-05,49-28042021,49,2021-04-28,Testo,6,https://pti.regione.sicilia.it/portal/page/portal/PIR_PORTALE/PIR_Covid19OrdinanzePresidenzadellaRegione/Ordinanza-49-28042021.pdf,
84020,Lampedusa e Linosa,rossa,2021-04-29,2021-05-05,49-28042021,49,2021-04-28,Testo,6,https://pti.regione.sicilia.it/portal/page/portal/PIR_PORTALE/PIR_Covid19OrdinanzePresidenzadellaRegione/Ordinanza-49-28042021.pdf,
82044,Lascari,rossa,2021-04-29,2021-05-05,49-28042021,49,2021-04-28,Testo,6,https://pti.regione.sicilia.it/portal/page/portal/PIR_PORTALE/PIR_Covid19OrdinanzePresidenzadellaRegione/Ordinanza-49-28042021.pdf,
89011,Lentini,rossa,2021-04-29,2021-05-05,49-28042021,49,2021-04-28,Testo,6,https://pti.regione.sicilia.it/portal/page/portal/PIR_PORTALE/PIR_Covid19OrdinanzePresidenzadellaRegione/Ordinanza-49-28042021.pdf,
85008,Marianopoli,rossa,2021-04-29,2021-05-05,49-28042021,49,2021-04-28,Testo,6,https://pti.regione.sicilia.it/portal/page/portal/PIR_PORTALE/PIR_Covid19OrdinanzePresidenzadellaRegione/Ordinanza-49-28042021.pdf,
82047,Mezzojuso,rossa,2021-04-29,2021-05-05,49-28042021,49,2021-04-28,Testo,6,https://pti.regione.sicilia.it/portal/page/portal/PIR_PORTALE/PIR_Covid19OrdinanzePresidenzadellaRegione/Ordinanza-49-28042021.pdf,
82048,Misilmeri,rossa,2021-04-29,2021-05-05,49-28042021,49,2021-04-28,Testo,6,https://pti.regione.sicilia.it/portal/page/portal/PIR_PORTALE/PIR_Covid19OrdinanzePresidenzadellaRegione/Ordinanza-49-28042021.pdf,
82049,Monreale,rossa,2021-04-29,2021-05-05,49-28042021,49,2021-04-28,Testo,6,https://pti.regione.sicilia.it/portal/page/portal/PIR_PORTALE/PIR_Covid19OrdinanzePresidenzadellaRegione/Ordinanza-49-28042021.pdf,
85012,Mussomeli,rossa,2021-04-29,2021-05-03,49-28042021,49,2021-04-28,Testo,6,https://pti.regione.sicilia.it/portal/page/portal/PIR_PORTALE/PIR_Covid19OrdinanzePresidenzadellaRegione/Ordinanza-49-28042021.pdf,
82054,Partinico,rossa,2021-04-29,2021-05-05,49-28042021,49,2021-04-28,Testo,6,https://pti.regione.sicilia.it/portal/page/portal/PIR_PORTALE/PIR_Covid19OrdinanzePresidenzadellaRegione/Ordinanza-49-28042021.pdf,
82070,Termini Imerese,rossa,2021-04-29,2021-05-05,49-28042021,49,2021-04-28,Testo,6,https://pti.regione.sicilia.it/portal/page/portal/PIR_PORTALE/PIR_Covid19OrdinanzePresidenzadellaRegione/Ordinanza-49-28042021.pdf,
82079,Villabate,rossa,2021-04-29,2021-05-05,49-28042021,49,2021-04-28,Testo,6,https://pti.regione.sicilia.it/portal/page/portal/PIR_PORTALE/PIR_Covid19OrdinanzePresidenzadellaRegione/Ordinanza-49-28042021.pdf,
82080,Villafrati,rossa,2021-04-29,2021-05-05,49-28042021,49,2021-04-28,Testo,6,https://pti.regione.sicilia.it/portal/page/portal/PIR_PORTALE/PIR_Covid19OrdinanzePresidenzadellaRegione/Ordinanza-49-28042021.pdf,
82014,Caccamo,rossa,2021-04-29,2021-05-05,49-28042021,49,2021-04-28,Testo,6,https://pti.regione.sicilia.it/portal/page/portal/PIR_PORTALE/PIR_Covid19OrdinanzePresidenzadellaRegione/Ordinanza-49-28042021.pdf,
82018,Campofiorito,rossa,2021-04-29,2021-05-05,49-28042021,49,2021-04-28,Testo,6,https://pti.regione.sicilia.it/portal/page/portal/PIR_PORTALE/PIR_Covid19OrdinanzePresidenzadellaRegione/Ordinanza-49-28042021.pdf,
82027,Cefalù,rossa,2021-04-29,2021-05-05,49-28042021,49,2021-04-28,Testo,6,https://pti.regione.sicilia.it/portal/page/portal/PIR_PORTALE/PIR_Covid19OrdinanzePresidenzadellaRegione/Ordinanza-49-28042021.pdf,
83061,Nizza di Sicilia,rossa,2021-05-02,2021-05-12,50-30042021,50,2021-04-30,Testo,6,https://pti.regione.sicilia.it/portal/page/portal/PIR_PORTALE/PIR_Covid19OrdinanzePresidenzadellaRegione/Ordinanza%20n.%2050%20del%2030%20aprile%202021.pdf,
84031,Ravanusa,rossa,2021-05-02,2021-05-12,50-30042021,50,2021-04-30,Testo,6,https://pti.regione.sicilia.it/portal/page/portal/PIR_PORTALE/PIR_Covid19OrdinanzePresidenzadellaRegione/Ordinanza%20n.%2050%20del%2030%20aprile%202021.pdf,
85017,Santa Caterina Villarmosa,rossa,2021-05-02,2021-05-10,50-30042021,50,2021-04-30,Testo,6,https://pti.regione.sicilia.it/portal/page/portal/PIR_PORTALE/PIR_Covid19OrdinanzePresidenzadellaRegione/Ordinanza%20n.%2050%20del%2030%20aprile%202021.pdf,
83042,Longi,rossa,2021-05-01,2021-05-07,50-30042021,50,2021-04-30,Testo,6,https://pti.regione.sicilia.it/portal/page/portal/PIR_PORTALE/PIR_Covid19OrdinanzePresidenzadellaRegione/Ordinanza%20n.%2050%20del%2030%20aprile%202021.pdf,
82034,Corleone,rossa,2021-05-05,2021-05-19,51-03052021,51,2021-05-03,Testo,6,http://pti.regione.sicilia.it/portal/page/portal/PIR_PORTALE/PIR_Covid19OrdinanzePresidenzadellaRegione/152963604.PDF,
82008,Baucina,rossa,2021-05-06,2021-05-12,52-05052021,52,2021-05-05,Immagine,7,http://pti.regione.sicilia.it/portal/page/portal/PIR_PORTALE/PIR_Covid19OrdinanzePresidenzadellaRegione/Ordinanza-52-05052021.pdf,
82009,Belmonte Mezzagno,rossa,2021-05-06,2021-05-12,52-05052021,52,2021-05-05,Immagine,7,http://pti.regione.sicilia.it/portal/page/portal/PIR_PORTALE/PIR_Covid19OrdinanzePresidenzadellaRegione/Ordinanza-52-05052021.pdf,
82011,Bolognetta,rossa,2021-05-06,2021-05-12,52-05052021,52,2021-05-05,Immagine,7,http://pti.regione.sicilia.it/portal/page/portal/PIR_PORTALE/PIR_Covid19OrdinanzePresidenzadellaRegione/Ordinanza-52-05052021.pdf,
82027,Cefalù,rossa,2021-05-06,2021-05-12,52-05052021,52,2021-05-05,Immagine,7,http://pti.regione.sicilia.it/portal/page/portal/PIR_PORTALE/PIR_Covid19OrdinanzePresidenzadellaRegione/Ordinanza-52-05052021.pdf,
86008,Cerami,rossa,2021-05-06,2021-05-12,52-05052021,52,2021-05-05,Immagine,7,http://pti.regione.sicilia.it/portal/page/portal/PIR_PORTALE/PIR_Covid19OrdinanzePresidenzadellaRegione/Ordinanza-52-05052021.pdf,
83021,Fiumedinisi,rossa,2021-05-06,2021-05-12,52-05052021,52,2021-05-05,Immagine,7,http://pti.regione.sicilia.it/portal/page/portal/PIR_PORTALE/PIR_Covid19OrdinanzePresidenzadellaRegione/Ordinanza-52-05052021.pdf,
85007,Gela,rossa,2021-05-06,2021-05-12,52-05052021,52,2021-05-05,Immagine,7,http://pti.regione.sicilia.it/portal/page/portal/PIR_PORTALE/PIR_Covid19OrdinanzePresidenzadellaRegione/Ordinanza-52-05052021.pdf,
82038,Giardinello,rossa,2021-05-06,2021-05-12,52-05052021,52,2021-05-05,Immagine,7,http://pti.regione.sicilia.it/portal/page/portal/PIR_PORTALE/PIR_Covid19OrdinanzePresidenzadellaRegione/Ordinanza-52-05052021.pdf,
84020,Lampedusa e Linosa,rossa,2021-05-06,2021-05-12,52-05052021,52,2021-05-05,Immagine,7,http://pti.regione.sicilia.it/portal/page/portal/PIR_PORTALE/PIR_Covid19OrdinanzePresidenzadellaRegione/Ordinanza-52-05052021.pdf,
82047,Mezzojuso,rossa,2021-05-06,2021-05-12,52-05052021,52,2021-05-05,Immagine,7,http://pti.regione.sicilia.it/portal/page/portal/PIR_PORTALE/PIR_Covid19OrdinanzePresidenzadellaRegione/Ordinanza-52-05052021.pdf,
87027,Mineo,rossa,2021-05-06,2021-05-12,52-05052021,52,2021-05-05,Immagine,7,http://pti.regione.sicilia.it/portal/page/portal/PIR_PORTALE/PIR_Covid19OrdinanzePresidenzadellaRegione/Ordinanza-52-05052021.pdf,
82063,San Cipirello,rossa,2021-05-06,2021-05-12,52-05052021,52,2021-05-05,Immagine,7,http://pti.regione.sicilia.it/portal/page/portal/PIR_PORTALE/PIR_Covid19OrdinanzePresidenzadellaRegione/Ordinanza-52-05052021.pdf,
82066,Santa Cristina Gela,rossa,2021-05-06,2021-05-12,52-05052021,52,2021-05-05,Immagine,7,http://pti.regione.sicilia.it/portal/page/portal/PIR_PORTALE/PIR_Covid19OrdinanzePresidenzadellaRegione/Ordinanza-52-05052021.pdf,
82070,Termini Imerese,rossa,2021-05-06,2021-05-12,52-05052021,52,2021-05-05,Immagine,7,http://pti.regione.sicilia.it/portal/page/portal/PIR_PORTALE/PIR_Covid19OrdinanzePresidenzadellaRegione/Ordinanza-52-05052021.pdf,
87057,Maniace,rossa,2021-05-10,2021-05-19,53-08052021,53,2021-05-08,Testo,5,https://pti.regione.sicilia.it/portal/page/portal/PIR_PORTALE/PIR_Covid19OrdinanzePresidenzadellaRegione/Ordinanza-53-08052021.pdf,
85015,Riesi,rossa,2021-05-10,2021-05-19,53-08052021,53,2021-05-08,Testo,5,https://pti.regione.sicilia.it/portal/page/portal/PIR_PORTALE/PIR_Covid19OrdinanzePresidenzadellaRegione/Ordinanza-53-08052021.pdf,
82078,Vicari,rossa,2021-05-11,2021-05-19,54-10052021,54,2021-05-10,Immagine,6,https://pti.regione.sicilia.it/portal/page/portal/PIR_PORTALE/PIR_Covid19OrdinanzePresidenzadellaRegione/Ordinanza%20n.%2054%20del%2010%20maggio%202021.pdf,
85017,Santa Caterina Villarmosa,rossa,2021-05-10,2021-05-10,54-10052021,54,2021-05-10,Immagine,6,https://pti.regione.sicilia.it/portal/page/portal/PIR_PORTALE/PIR_Covid19OrdinanzePresidenzadellaRegione/Ordinanza%20n.%2054%20del%2010%20maggio%202021.pdf,
86010,Gagliano Castelferrato,rossa,2021-05-14,2021-05-26,55-12052021,55,2021-05-12,Testo,7,http://pti.regione.sicilia.it/portal/page/portal/PIR_PORTALE/PIR_Covid19OrdinanzePresidenzadellaRegione/Ordinanza-55-120521.pdf,
84035,San Biagio Platani,rossa,2021-05-14,2021-05-26,55-12052021,55,2021-05-12,Testo,7,http://pti.regione.sicilia.it/portal/page/portal/PIR_PORTALE/PIR_Covid19OrdinanzePresidenzadellaRegione/Ordinanza-55-120521.pdf,
85007,Gela,rossa,2021-05-13,2021-05-13,55-12052021,55,2021-05-12,Testo,7,http://pti.regione.sicilia.it/portal/page/portal/PIR_PORTALE/PIR_Covid19OrdinanzePresidenzadellaRegione/Ordinanza-55-120521.pdf,
87027,Mineo,rossa,2021-05-13,2021-05-19,55-12052021,55,2021-05-12,Testo,7,http://pti.regione.sicilia.it/portal/page/portal/PIR_PORTALE/PIR_Covid19OrdinanzePresidenzadellaRegione/Ordinanza-55-120521.pdf,
83061,Nizza di Sicilia,rossa,2021-05-13,2021-05-19,55-12052021,55,2021-05-12,Testo,7,http://pti.regione.sicilia.it/portal/page/portal/PIR_PORTALE/PIR_Covid19OrdinanzePresidenzadellaRegione/Ordinanza-55-120521.pdf,
84031,Ravanusa,rossa,2021-05-13,2021-05-19,55-12052021,55,2021-05-12,Testo,7,http://pti.regione.sicilia.it/portal/page/portal/PIR_PORTALE/PIR_Covid19OrdinanzePresidenzadellaRegione/Ordinanza-55-120521.pdf,
82063,San Cipirello,rossa,2021-05-13,2021-05-19,55-12052021,55,2021-05-12,Testo,7,http://pti.regione.sicilia.it/portal/page/portal/PIR_PORTALE/PIR_Covid19OrdinanzePresidenzadellaRegione/Ordinanza-55-120521.pdf,
82066,Santa Cristina Gela,rossa,2021-05-13,2021-05-19,55-12052021,55,2021-05-12,Testo,7,http://pti.regione.sicilia.it/portal/page/portal/PIR_PORTALE/PIR_Covid19OrdinanzePresidenzadellaRegione/Ordinanza-55-120521.pdf,
83099,Tortorici,rossa,2021-05-13,2021-05-19,55-12052021,55,2021-05-12,Testo,7,http://pti.regione.sicilia.it/portal/page/portal/PIR_PORTALE/PIR_Covid19OrdinanzePresidenzadellaRegione/Ordinanza-55-120521.pdf,
82015,Caltavuturo,rossa,2021-05-14,2021-05-19,55-12052021,55,2021-05-12,Testo,7,http://pti.regione.sicilia.it/portal/page/portal/PIR_PORTALE/PIR_Covid19OrdinanzePresidenzadellaRegione/Ordinanza-55-120521.pdf,
82058,Polizzi Generosa,rossa,2021-05-14,2021-05-19,55-12052021,55,2021-05-12,Testo,7,http://pti.regione.sicilia.it/portal/page/portal/PIR_PORTALE/PIR_Covid19OrdinanzePresidenzadellaRegione/Ordinanza-55-120521.pdf,
85007,Gela,rossa,2021-05-13,2021-05-13,56-13052021,56,2021-05-13,Testo,6,https://pti.regione.sicilia.it/portal/page/portal/PIR_PORTALE/PIR_Covid19OrdinanzePresidenzadellaRegione/Ordinanza%20n.%2056%20del%2013%20maggio%202021(firmato).pdf,
89020,Portopalo di Capo Passero,rossa,2021-05-16,2021-05-26,57-14052021,57,2021-05-14,Testo,6,https://pti.regione.sicilia.it/portal/page/portal/PIR_PORTALE/PIR_Covid19OrdinanzePresidenzadellaRegione/Ordinanza%20n.%2057%20del%2014%20maggio%202021.pdf,
83089,Santa Teresa di Riva,rossa,2021-05-16,2021-05-26,57-14052021,57,2021-05-14,Testo,6,https://pti.regione.sicilia.it/portal/page/portal/PIR_PORTALE/PIR_Covid19OrdinanzePresidenzadellaRegione/Ordinanza%20n.%2057%20del%2014%20maggio%202021.pdf,
89020,Portopalo di Capo Passero,rossa,2021-05-16,2021-05-18,58-18052021,58,2021-05-18,Immagine,6,https://pti.regione.sicilia.it/portal/page/portal/PIR_PORTALE/PIR_Covid19OrdinanzePresidenzadellaRegione/Ordinanza%20n.%2058%20del%2018%20maggio%202021.pdf,
87057,Maniace,rossa,2021-05-19,2021-05-26,58-18052021,58,2021-05-18,Immagine,6,https://pti.regione.sicilia.it/portal/page/portal/PIR_PORTALE/PIR_Covid19OrdinanzePresidenzadellaRegione/Ordinanza%20n.%2058%20del%2018%20maggio%202021.pdf,
82063,San Cipirello,rossa,2021-05-19,2021-05-26,58-18052021,58,2021-05-18,Immagine,6,https://pti.regione.sicilia.it/portal/page/portal/PIR_PORTALE/PIR_Covid19OrdinanzePresidenzadellaRegione/Ordinanza%20n.%2058%20del%2018%20maggio%202021.pdf,
82078,Vicari,rossa,2021-05-19,2021-05-26,58-18052021,58,2021-05-18,Immagine,6,https://pti.regione.sicilia.it/portal/page/portal/PIR_PORTALE/PIR_Covid19OrdinanzePresidenzadellaRegione/Ordinanza%20n.%2058%20del%2018%20maggio%202021.pdf,
87022,Maletto,rossa,2021-05-22,2021-06-03,59-20052021,59,2021-05-20,Immagine,6,https://pti.regione.sicilia.it/portal/page/portal/PIR_PORTALE/PIR_Covid19OrdinanzePresidenzadellaRegione/Ordinanza%20n.%2059%20del%2020%20maggio%202021.pdf,
85015,Riesi,rossa,2021-05-27,2021-06-03,61-25052021,61,2021-05-25,Testo,6,https://pti.regione.sicilia.it/portal/page/portal/PIR_PORTALE/PIR_Covid19OrdinanzePresidenzadellaRegione/Ordinanza%20n.%2061%20del%2025-05-2021(firmato).pdf,
83089,Santa Teresa di Riva,rossa,2021-05-25,2021-05-25,61-25052021,61,2021-05-25,Testo,6,https://pti.regione.sicilia.it/portal/page/portal/PIR_PORTALE/PIR_Covid19OrdinanzePresidenzadellaRegione/Ordinanza%20n.%2061%20del%2025-05-2021(firmato).pdf,
87057,Maniace,rossa,2021-05-25,2021-06-03,61-25052021,61,2021-05-25,Testo,6,https://pti.regione.sicilia.it/portal/page/portal/PIR_PORTALE/PIR_Covid19OrdinanzePresidenzadellaRegione/Ordinanza%20n.%2061%20del%2025-05-2021(firmato).pdf,
87049,Scordia,rossa,2021-05-28,2021-06-03,62-26052021,62,2021-05-26,Testo,6,https://pti.regione.sicilia.it/portal/page/portal/PIR_PORTALE/PIR_Covid19OrdinanzePresidenzadellaRegione/Ordinanza-62-26052021.pdf,
86010,Gagliano Castelferrato,rossa,2021-05-26,2021-06-03,62-26052021,62,2021-05-26,Testo,6,https://pti.regione.sicilia.it/portal/page/portal/PIR_PORTALE/PIR_Covid19OrdinanzePresidenzadellaRegione/Ordinanza-62-26052021.pdf,
82037,Geraci Siculo,rossa,2021-05-28,2021-06-03,64-27052021,64,2021-05-27,Immagine,6,https://pti.regione.sicilia.it/portal/page/portal/PIR_PORTALE/PIR_Covid19OrdinanzePresidenzadellaRegione/Ordinanza%20n.%2063%20del%2027%20maggio%202021.pdf,
82045,Lercara Friddi,rossa,2021-05-28,2021-06-03,64-27052021,64,2021-05-27,Immagine,6,https://pti.regione.sicilia.it/portal/page/portal/PIR_PORTALE/PIR_Covid19OrdinanzePresidenzadellaRegione/Ordinanza%20n.%2063%20del%2027%20maggio%202021.pdf,
82063,San Cipirello,rossa,2021-05-26,2021-06-03,64-27052021,64,2021-05-27,Immagine,6,https://pti.regione.sicilia.it/portal/page/portal/PIR_PORTALE/PIR_Covid19OrdinanzePresidenzadellaRegione/Ordinanza%20n.%2063%20del%2027%20maggio%202021.pdf,
82078,Vicari,rossa,2021-05-26,2021-06-03,64-27052021,64,2021-05-27,Immagine,6,https://pti.regione.sicilia.it/portal/page/portal/PIR_PORTALE/PIR_Covid19OrdinanzePresidenzadellaRegione/Ordinanza%20n.%2063%20del%2027%20maggio%202021.pdf,
84040,Santo Stefano Quisquina,rossa,2021-06-02,2021-06-10,65-31052021,65,2021-05-31,Immagine,6,https://pti.regione.sicilia.it/portal/page/portal/PIR_PORTALE/PIR_Covid19OrdinanzePresidenzadellaRegione/Ordinanza%20n.%2065%20del%2031%20maggio%202021.pdf,
85015,Riesi,rossa,2021-05-31,2021-05-31,65-31052021,65,2021-05-31,Immagine,6,https://pti.regione.sicilia.it/portal/page/portal/PIR_PORTALE/PIR_Covid19OrdinanzePresidenzadellaRegione/Ordinanza%20n.%2065%20del%2031%20maggio%202021.pdf,
82060,Prizzi,rossa,2021-06-02,2021-06-10,66-01062021,66,2021-06-01,Immagine,6,https://pti.regione.sicilia.it/portal/page/portal/PIR_PORTALE/PIR_Covid19OrdinanzePresidenzadellaRegione/ordinanza-66-01062021.pdf,
82045,Lercara Friddi,rossa,2021-06-01,2021-06-01,66-01062021,66,2021-06-01,Immagine,6,https://pti.regione.sicilia.it/portal/page/portal/PIR_PORTALE/PIR_Covid19OrdinanzePresidenzadellaRegione/ordinanza-66-01062021.pdf,
82037,Geraci Siculo,rossa,2021-06-01,2021-06-10,66-01062021,66,2021-06-01,Immagine,6,https://pti.regione.sicilia.it/portal/page/portal/PIR_PORTALE/PIR_Covid19OrdinanzePresidenzadellaRegione/ordinanza-66-01062021.pdf,
87049,Scordia,rossa,2021-06-01,2021-06-10,66-01062021,66,2021-06-01,Immagine,6,https://pti.regione.sicilia.it/portal/page/portal/PIR_PORTALE/PIR_Covid19OrdinanzePresidenzadellaRegione/ordinanza-66-01062021.pdf,
86002,Aidone,rossa,2021-06-11,2021-06-17,67-09062021,67,2021-06-09,Testo,6,https://pti.regione.sicilia.it/portal/page/portal/PIR_PORTALE/PIR_Covid19OrdinanzePresidenzadellaRegione/Ordinanza%2067del%209%20giugno%202021.pdf,
89010,Francofonte,rossa,2021-06-11,2021-06-17,67-09062021,67,2021-06-09,Testo,6,https://pti.regione.sicilia.it/portal/page/portal/PIR_PORTALE/PIR_Covid19OrdinanzePresidenzadellaRegione/Ordinanza%2067del%209%20giugno%202021.pdf,
82076,Valledolmo,rossa,2021-06-11,2021-06-17,67-09062021,67,2021-06-09,Testo,6,https://pti.regione.sicilia.it/portal/page/portal/PIR_PORTALE/PIR_Covid19OrdinanzePresidenzadellaRegione/Ordinanza%2067del%209%20giugno%202021.pdf,
82060,Prizzi,rossa,2021-06-11,2021-06-17,67-09062021,67,2021-06-09,Testo,6,https://pti.regione.sicilia.it/portal/page/portal/PIR_PORTALE/PIR_Covid19OrdinanzePresidenzadellaRegione/Ordinanza%2067del%209%20giugno%202021.pdf,
82041,Gratteri,rossa,2021-06-12,2021-06-17,68-10062021,68,2021-06-10,Immagine,6,https://pti.regione.sicilia.it/portal/page/portal/PIR_PORTALE/PIR_Covid19OrdinanzePresidenzadellaRegione/Ordinanza68%20del%2010%20giugno%202021.pdf,
85017,Santa Caterina Villarmosa,rossa,2021-06-15,2021-06-24,69-13062021,69,2021-06-13,Testo,6,https://pti.regione.sicilia.it/portal/page/portal/PIR_PORTALE/PIR_Covid19OrdinanzePresidenzadellaRegione/Ordinanza%2069%20del%2013%20giugno%202021(firmato).pdf,
86018,Troina,rossa,2021-06-19,2021-06-24,70-17062021,70,2021-06-17,Testo,6,https://pti.regione.sicilia.it/portal/page/portal/PIR_PORTALE/PIR_Covid19OrdinanzePresidenzadellaRegione/Ordinanza%2070%20del%2017%20giugno%202021(firmato).pdf,
86019,Valguarnera Caropepe,rossa,2021-06-19,2021-06-24,70-17062021,70,2021-06-17,Testo,6,https://pti.regione.sicilia.it/portal/page/portal/PIR_PORTALE/PIR_Covid19OrdinanzePresidenzadellaRegione/Ordinanza%2070%20del%2017%20giugno%202021(firmato).pdf,
86002,Aidone,rossa,2021-06-17,2021-06-24,70-17062021,70,2021-06-17,Testo,6,https://pti.regione.sicilia.it/portal/page/portal/PIR_PORTALE/PIR_Covid19OrdinanzePresidenzadellaRegione/Ordinanza%2070%20del%2017%20giugno%202021(firmato).pdf,
85017,Santa Caterina Villarmosa,rossa,2021-06-24,2021-07-01,72-24062021,72,2021-06-24,Testo,6,https://pti.regione.sicilia.it/portal/page/portal/PIR_PORTALE/PIR_Covid19OrdinanzePresidenzadellaRegione/Ordinanza%2072%20del%2024%20giugno%202021.pdf,
86019,Valguarnera Caropepe,rossa,2021-06-24,2021-07-01,72-24062021,72,2021-06-24,Testo,6,https://pti.regione.sicilia.it/portal/page/portal/PIR_PORTALE/PIR_Covid19OrdinanzePresidenzadellaRegione/Ordinanza%2072%20del%2024%20giugno%202021.pdf,
85017,Santa Caterina Villarmosa,rossa,2021-06-24,2021-06-30,73-30062021,73,2021-06-30,Testo,6,http://www.comune.alia.pa.it/images/ALLEGATI_ARTICOLI/Copia_DocPrincipale_Ordinanza_73_del_30_GIUGNO_2021firmato.pdf,
86019,Valguarnera Caropepe,rossa,2021-06-24,2021-06-30,73-30062021,73,2021-06-30,Testo,6,http://www.comune.alia.pa.it/images/ALLEGATI_ARTICOLI/Copia_DocPrincipale_Ordinanza_73_del_30_GIUGNO_2021firmato.pdf,
85009,Mazzarino,rossa,2021-07-03,2021-07-14,74-01072021,74,2021-07-01,Immagine,6,https://www.regione.sicilia.it/sites/default/files/2021-07/ordinanza%20n.74.pdf,
86014,Piazza Armerina,rossa,2021-07-14,2021-07-21,76-12072021,76,2021-07-12,Immagine,6,https://www.regione.sicilia.it/sites/default/files/2021-07/re340.pdf,
85015,Riesi,rossa,2021-07-16,2021-07-21,77-14072021,77,2021-07-14,Testo,6,https://www.regione.sicilia.it/sites/default/files/2021-07/Ordinanza%2077%20del%2014%20luglio%202021.pdf,
85009,Mazzarino,rossa,2021-07-14,2021-07-21,77-14072021,77,2021-07-14,Testo,6,https://www.regione.sicilia.it/sites/default/files/2021-07/Ordinanza%2077%20del%2014%20luglio%202021.pdf,
85007,Gela,rossa,2021-07-18,2021-07-23,78-16072021,78,2021-07-16,Immagine,6,https://www.regione.sicilia.it/sites/default/files/2021-07/re342.pdf,
84007,Caltabellotta,rossa,2021-07-22,2021-07-29,79-20072021,79,2021-07-20,Testo,6,https://www.regione.sicilia.it/sites/default/files/2021-07/Ordinanza%2079%20del%2020%20luglio%202021_0.pdf,https://www.regione.sicilia.it/sites/default/files/2021-07/Ordinanza%20contigibile%20e%20urgente%20n.%2082%20del%2024%20luglio%202021.pdf
84017,Favara,rossa,2021-07-22,2021-07-29,79-20072021,79,2021-07-20,Testo,6,https://www.regione.sicilia.it/sites/default/files/2021-07/Ordinanza%2079%20del%2020%20luglio%202021_0.pdf,https://www.regione.sicilia.it/sites/default/files/2021-07/Ordinanza%20contigibile%20e%20urgente%20n.%2082%20del%2024%20luglio%202021.pdf
85009,Mazzarino,rossa,2021-07-21,2021-07-29,80-21072021,80,2021-07-21,Testo,6,https://www.regione.sicilia.it/sites/default/files/2021-07/Ordinanza%2080%28firmato%29.pdf,https://www.regione.sicilia.it/sites/default/files/2021-07/Ordinanza%20contigibile%20e%20urgente%20n.%2082%20del%2024%20luglio%202021.pdf
86014,Piazza Armerina,rossa,2021-07-21,2021-07-29,80-21072021,80,2021-07-21,Testo,6,https://www.regione.sicilia.it/sites/default/files/2021-07/Ordinanza%2080%28firmato%29.pdf,
85015,Riesi,rossa,2021-07-21,2021-07-29,80-21072021,80,2021-07-21,Testo,6,https://www.regione.sicilia.it/sites/default/files/2021-07/Ordinanza%2080%28firmato%29.pdf,https://www.regione.sicilia.it/sites/default/files/2021-07/Ordinanza%20contigibile%20e%20urgente%20n.%2082%20del%2024%20luglio%202021.pdf
85007,Gela,rossa,2021-07-23,2021-07-29,81-23072021,81,2021-07-23,Immagine,6,https://www.regione.sicilia.it/sites/default/files/2021-07/re346.pdf,https://www.regione.sicilia.it/sites/default/files/2021-07/Ordinanza%20contigibile%20e%20urgente%20n.%2082%20del%2024%20luglio%202021.pdf
84009,Cammarata,rossa,2021-07-23,2021-07-29,81-23072021,81,2021-07-23,Immagine,6,https://www.regione.sicilia.it/sites/default/files/2021-07/re346.pdf,https://www.regione.sicilia.it/sites/default/files/2021-07/Ordinanza%20contigibile%20e%20urgente%20n.%2082%20del%2024%20luglio%202021.pdf
84036,San Giovanni Gemini,rossa,2021-07-23,2021-07-29,81-23072021,81,2021-07-23,Immagine,6,https://www.regione.sicilia.it/sites/default/files/2021-07/re346.pdf,https://www.regione.sicilia.it/sites/default/files/2021-07/Ordinanza%20contigibile%20e%20urgente%20n.%2082%20del%2024%20luglio%202021.pdf
86014,Piazza Armerina,rossa,2021-07-23,2021-07-23,81-23072021,81,2021-07-23,Immagine,6,https://www.regione.sicilia.it/sites/default/files/2021-07/re346.pdf,
86004,Barrafranca,arancione,2021-08-24,2021-09-02,85-22082021,85,2021-08-22,Testo,8,https://www.regione.sicilia.it/sites/default/files/2021-08/Ordinanza%2085%20con%20allegato%20A%28firmato%29.pdf,
85013,Niscemi,arancione,2021-08-24,2021-09-02,85-22082021,85,2021-08-22,Testo,8,https://www.regione.sicilia.it/sites/default/files/2021-08/Ordinanza%2085%20con%20allegato%20A%28firmato%29.pdf,
88003,Comiso,arancione,2021-08-28,2021-09-06,86-26082021,86,2021-08-26,Testo,6,https://www.regione.sicilia.it/sites/default/files/2021-08/Ordinanza%2086%20del%2026%20agosto%202021.pdf,
88012,Vittoria,arancione,2021-08-28,2021-09-06,86-26082021,86,2021-08-26,Testo,6,https://www.regione.sicilia.it/sites/default/files/2021-08/Ordinanza%2086%20del%2026%20agosto%202021.pdf,
86004,Barrafranca,arancione,2021-09-03,2021-09-09,88-02092021,88,2021-09-02,Testo,6,https://www.regione.sicilia.it/sites/default/files/2021-09/Ordinanza%2088%20del%2002%20settembre%202021.pdf,
85013,Niscemi,arancione,2021-09-03,2021-09-09,88-02092021,88,2021-09-02,Testo,6,https://www.regione.sicilia.it/sites/default/files/2021-09/Ordinanza%2088%20del%2002%20settembre%202021.pdf,
89001,Augusta,arancione,2021-09-04,2021-09-14,88-02092021,88,2021-09-02,Testo,6,https://www.regione.sicilia.it/sites/default/files/2021-09/Ordinanza%2088%20del%2002%20settembre%202021.pdf,
89002,Avola,arancione,2021-09-04,2021-09-14,88-02092021,88,2021-09-02,Testo,6,https://www.regione.sicilia.it/sites/default/files/2021-09/Ordinanza%2088%20del%2002%20settembre%202021.pdf,
86006,Catenanuova,arancione,2021-09-04,2021-09-14,88-02092021,88,2021-09-02,Testo,6,https://www.regione.sicilia.it/sites/default/files/2021-09/Ordinanza%2088%20del%2002%20settembre%202021.pdf,
89008,Ferla,arancione,2021-09-04,2021-09-14,88-02092021,88,2021-09-02,Testo,6,https://www.regione.sicilia.it/sites/default/files/2021-09/Ordinanza%2088%20del%2002%20settembre%202021.pdf,
89010,Francofonte,arancione,2021-09-04,2021-09-14,88-02092021,88,2021-09-02,Testo,6,https://www.regione.sicilia.it/sites/default/files/2021-09/Ordinanza%2088%20del%2002%20settembre%202021.pdf,
89013,Noto,arancione,2021-09-04,2021-09-14,88-02092021,88,2021-09-02,Testo,6,https://www.regione.sicilia.it/sites/default/files/2021-09/Ordinanza%2088%20del%2002%20settembre%202021.pdf,
89014,Pachino,arancione,2021-09-04,2021-09-14,88-02092021,88,2021-09-02,Testo,6,https://www.regione.sicilia.it/sites/default/files/2021-09/Ordinanza%2088%20del%2002%20settembre%202021.pdf,
89020,Portopalo di Capo Passero,arancione,2021-09-04,2021-09-14,88-02092021,88,2021-09-02,Testo,6,https://www.regione.sicilia.it/sites/default/files/2021-09/Ordinanza%2088%20del%2002%20settembre%202021.pdf,
89016,Rosolini,arancione,2021-09-04,2021-09-14,88-02092021,88,2021-09-02,Testo,6,https://www.regione.sicilia.it/sites/default/files/2021-09/Ordinanza%2088%20del%2002%20settembre%202021.pdf,
88003,Comiso,arancione,2021-09-06,2021-09-14,89-06092021,89,2021-09-06,Testo,6,https://www.regione.sicilia.it/sites/default/files/2021-09/Ordinanza%2089%28firmato%29.pdf,
83083,Santa Domenica Vittoria,arancione,2021-09-06,2021-09-14,89-06092021,89,2021-09-06,Testo,6,https://www.regione.sicilia.it/sites/default/files/2021-09/Ordinanza%2089%28firmato%29.pdf,
85013,Niscemi,arancione,2021-09-09,2021-09-14,90-09092021,90,2021-09-09,Testo,6,https://www.regione.sicilia.it/sites/default/files/2021-09/Ordinanza%2090%20del%2009.09.2021.pdf,
89010,Francofonte,arancione,2021-09-14,2021-09-21,91-14092021,91,2021-09-14,Testo,6,https://www.regione.sicilia.it/sites/default/files/2021-09/Ordinanza%2091%28firmato%29.pdf,
89010,Francofonte,arancione,2021-09-21,2021-09-28,92-21092021,92,2021-09-21,Testo,6,https://www.regione.sicilia.it/sites/default/files/2021-09/Ordinanza%2092%28firmato%29.pdf,
89010,Francofonte,arancione,2021-09-28,2021-10-06,93-28092021,93,2021-09-28,Testo,6,https://www.regione.sicilia.it/sites/default/files/2021-09/Ordinanza%2093%28firmato%29.pdf,
89010,Francofonte,arancione,2021-10-06,2021-10-13,94-06102021,94,2021-10-06,Testo,6,https://www.regione.sicilia.it/sites/default/files/2021-10/Ordinanza%2094%20del%2006%20ottobre%202021.pdf,
87024,Mascalucia,arancione,2021-10-10,2021-10-20,95-08102021,95,2021-10-08,Immagine,6,https://www.regione.sicilia.it/sites/default/files/2021-10/Ordinanza%2095.pdf,
87013,Castel di Iudica,arancione,2021-10-31,2021-11-11,96-29102021,96,2021-10-29,Immagine,6,https://www.regione.sicilia.it/sites/default/files/2021-10/ordinanza%2096.pdf,
82045,Lercara Friddi,arancione,2021-10-31,2021-11-11,96-29102021,96,2021-10-29,Immagine,6,https://www.regione.sicilia.it/sites/default/files/2021-10/ordinanza%2096.pdf,
87031,Nicolosi,arancione,2021-11-13,2021-11-24,97-11112021,97,2021-11-11,Immagine,6,https://www.regione.sicilia.it/sites/default/files/2021-11/Ordinanza%2097.pdf,
83040,Limina,arancione,2021-11-14,2021-11-24,98-12112021,98,2021-11-12,Immagine,6,https://www.regione.sicilia.it/sites/default/files/2021-11/Ord.n.%2098%20del%2012%20novembre%202021.pdf,
83054,Monforte San Giorgio,arancione,2021-11-14,2021-11-24,98-12112021,98,2021-11-12,Immagine,6,https://www.regione.sicilia.it/sites/default/files/2021-11/Ord.n.%2098%20del%2012%20novembre%202021.pdf,
87034,Pedara,arancione,2021-11-28,2021-12-09,100-26112021,100,2021-11-26,Testo,6,https://www.regione.sicilia.it/sites/default/files/2021-11/Ordinanza%20n.%20100%28firmato%29.pdf,
87025,Militello in Val di Catania,arancione,2021-11-28,2021-12-09,100-26112021,100,2021-11-26,Testo,6,https://www.regione.sicilia.it/sites/default/files/2021-11/Ordinanza%20n.%20100%28firmato%29.pdf,
87043,San Michele di Ganzaria,arancione,2021-12-12,2021-12-20,102-10122021,102,2021-12-10,Testo,6,https://www.regione.sicilia.it/sites/default/files/2021-12/Ordinanza%20102.docx%202%28firmato%29.pdf,
83036,Itala,arancione,2021-12-12,2021-12-20,102-10122021,102,2021-12-10,Testo,6,https://www.regione.sicilia.it/sites/default/files/2021-12/Ordinanza%20102.docx%202%28firmato%29.pdf,
87025,Militello in Val di Catania,arancione,2021-12-10,2021-12-20,102-10122021,102,2021-12-10,Testo,6,https://www.regione.sicilia.it/sites/default/files/2021-12/Ordinanza%20102.docx%202%28firmato%29.pdf,
84013,Castrofilippo,arancione,2021-12-18,2021-12-27,103-16122021,103,2021-12-16,Testo,5,https://www.regione.sicilia.it/sites/default/files/2021-12/Ordinanza%20n%C3%82%C2%B0%20103%20del%2016%20dicembre%202021.pdf,
85008,Marianopoli,arancione,2021-12-18,2021-12-27,103-16122021,103,2021-12-16,Testo,5,https://www.regione.sicilia.it/sites/default/files/2021-12/Ordinanza%20n%C3%82%C2%B0%20103%20del%2016%20dicembre%202021.pdf,
87030,Motta Sant‘Anastasia,arancione,2021-12-18,2021-12-27,103-16122021,103,2021-12-16,Testo,5,https://www.regione.sicilia.it/sites/default/files/2021-12/Ordinanza%20n%C3%82%C2%B0%20103%20del%2016%20dicembre%202021.pdf,
83094,Scaletta Zanclea,arancione,2021-12-18,2021-12-27,103-16122021,103,2021-12-16,Testo,5,https://www.regione.sicilia.it/sites/default/files/2021-12/Ordinanza%20n%C3%82%C2%B0%20103%20del%2016%20dicembre%202021.pdf,
83106,Terme Vigliatore,arancione,2021-12-18,2021-12-27,103-16122021,103,2021-12-16,Testo,5,https://www.regione.sicilia.it/sites/default/files/2021-12/Ordinanza%20n%C3%82%C2%B0%20103%20del%2016%20dicembre%202021.pdf,
85003,Butera,arancione,2021-12-24,2021-12-31,104-22122021,104,2021-12-22,Testo,6,https://www.regione.sicilia.it/sites/default/files/2021-12/Ordinanza%20104%28firmato%29.pdf,
83005,Barcellona Pozzo di Gotto,arancione,2021-12-24,2021-12-31,104-22122021,104,2021-12-22,Testo,6,https://www.regione.sicilia.it/sites/default/files/2021-12/Ordinanza%20104%28firmato%29.pdf,
83021,Fiumedinisi,arancione,2021-12-24,2021-12-31,104-22122021,104,2021-12-22,Testo,6,https://www.regione.sicilia.it/sites/default/files/2021-12/Ordinanza%20104%28firmato%29.pdf,
83035,Gualtieri Sicaminò,arancione,2021-12-24,2021-12-31,104-22122021,104,2021-12-22,Testo,6,https://www.regione.sicilia.it/sites/default/files/2021-12/Ordinanza%20104%28firmato%29.pdf,
83049,Milazzo,arancione,2021-12-24,2021-12-31,104-22122021,104,2021-12-22,Testo,6,https://www.regione.sicilia.it/sites/default/files/2021-12/Ordinanza%20104%28firmato%29.pdf,
83077,San Filippo del Mela,arancione,2021-12-24,2021-12-31,104-22122021,104,2021-12-22,Testo,6,https://www.regione.sicilia.it/sites/default/files/2021-12/Ordinanza%20104%28firmato%29.pdf,
87019,Gravina di Catania,arancione,2021-12-27,2022-01-05,105-24122021,105,2021-12-24,Immagine,6,https://www.regione.sicilia.it/sites/default/files/2021-12/Ordinanza%20105%20del%2024.12.2021.pdf,
85008,Marianopoli,arancione,2021-12-27,2022-01-05,106-27122021,106,2021-12-27,Immagine,6,https://www.regione.sicilia.it/sites/default/files/2021-12/Ordinanza%20106%20del%2027.12.2021.pdf,
83094,Scaletta Zanclea,arancione,2021-12-27,2022-01-05,106-27122021,106,2021-12-27,Immagine,6,https://www.regione.sicilia.it/sites/default/files/2021-12/Ordinanza%20106%20del%2027.12.2021.pdf,
83106,Terme Vigliatore,arancione,2021-12-27,2022-01-05,106-27122021,106,2021-12-27,Immagine,6,https://www.regione.sicilia.it/sites/default/files/2021-12/Ordinanza%20106%20del%2027.12.2021.pdf,
83011,Caronia,arancione,2021-12-31,2022-01-12,107-30122021,107,2021-12-30,Immagine,6,https://www.regione.sicilia.it/sites/default/files/2021-12/ordinanza%20n.107.pdf,
84033,Ribera,arancione,2021-12-31,2022-01-12,107-30122021,107,2021-12-30,Immagine,6,https://www.regione.sicilia.it/sites/default/files/2021-12/ordinanza%20n.107.pdf,
83086,Santa Lucia del Mela,arancione,2021-12-31,2022-01-12,107-30122021,107,2021-12-30,Immagine,6,https://www.regione.sicilia.it/sites/default/files/2021-12/ordinanza%20n.107.pdf,
83005,Barcellona Pozzo di Gotto,arancione,2021-12-30,2022-01-05,107-30122021,107,2021-12-30,Immagine,6,https://www.regione.sicilia.it/sites/default/files/2021-12/ordinanza%20n.107.pdf,
83035,Gualtieri Sicaminò,arancione,2021-12-30,2022-01-05,107-30122021,107,2021-12-30,Immagine,6,https://www.regione.sicilia.it/sites/default/files/2021-12/ordinanza%20n.107.pdf,
87019,Gravina di Catania,arancione,2022-01-05,2022-01-12,108-05012022,108,2022-01-05,Immagine,6,https://www.regione.sicilia.it/sites/default/files/2022-01/Ordinanza%20n.%20108%20del%205%20gennaio%202022.pdf,
86001,Agira,arancione,2022-01-09,2022-01-19,01-07012022,1,2022-01-07,Immagine,7,https://www.regione.sicilia.it/sites/default/files/2022-01/Ordinanza%20n.%201%20del%207%20gennaio%202022.pdf,
86002,Aidone,arancione,2022-01-09,2022-01-19,01-07012022,1,2022-01-07,Immagine,7,https://www.regione.sicilia.it/sites/default/files/2022-01/Ordinanza%20n.%201%20del%207%20gennaio%202022.pdf,
86003,Assoro,arancione,2022-01-09,2022-01-19,01-07012022,1,2022-01-07,Immagine,7,https://www.regione.sicilia.it/sites/default/files/2022-01/Ordinanza%20n.%201%20del%207%20gennaio%202022.pdf,
89001,Augusta,arancione,2022-01-09,2022-01-19,01-07012022,1,2022-01-07,Immagine,7,https://www.regione.sicilia.it/sites/default/files/2022-01/Ordinanza%20n.%201%20del%207%20gennaio%202022.pdf,
89002,Avola,arancione,2022-01-09,2022-01-19,01-07012022,1,2022-01-07,Immagine,7,https://www.regione.sicilia.it/sites/default/files/2022-01/Ordinanza%20n.%201%20del%207%20gennaio%202022.pdf,
86004,Barrafranca,arancione,2022-01-09,2022-01-19,01-07012022,1,2022-01-07,Immagine,7,https://www.regione.sicilia.it/sites/default/files/2022-01/Ordinanza%20n.%201%20del%207%20gennaio%202022.pdf,
86005,Calascibetta,arancione,2022-01-09,2022-01-19,01-07012022,1,2022-01-07,Immagine,7,https://www.regione.sicilia.it/sites/default/files/2022-01/Ordinanza%20n.%201%20del%207%20gennaio%202022.pdf,
85004,Caltanissetta,arancione,2022-01-09,2022-01-19,01-07012022,1,2022-01-07,Immagine,7,https://www.regione.sicilia.it/sites/default/files/2022-01/Ordinanza%20n.%201%20del%207%20gennaio%202022.pdf,
84011,Canicattì,arancione,2022-01-09,2022-01-19,01-07012022,1,2022-01-07,Immagine,7,https://www.regione.sicilia.it/sites/default/files/2022-01/Ordinanza%20n.%201%20del%207%20gennaio%202022.pdf,
89005,Canicattini Bagni,arancione,2022-01-09,2022-01-19,01-07012022,1,2022-01-07,Immagine,7,https://www.regione.sicilia.it/sites/default/files/2022-01/Ordinanza%20n.%201%20del%207%20gennaio%202022.pdf,
83008,Capizzi,arancione,2022-01-09,2022-01-19,01-07012022,1,2022-01-07,Immagine,7,https://www.regione.sicilia.it/sites/default/files/2022-01/Ordinanza%20n.%201%20del%207%20gennaio%202022.pdf,
89006,Carlentini,arancione,2022-01-09,2022-01-19,01-07012022,1,2022-01-07,Immagine,7,https://www.regione.sicilia.it/sites/default/files/2022-01/Ordinanza%20n.%201%20del%207%20gennaio%202022.pdf,
86006,Catenanuova,arancione,2022-01-09,2022-01-19,01-07012022,1,2022-01-07,Immagine,7,https://www.regione.sicilia.it/sites/default/files/2022-01/Ordinanza%20n.%201%20del%207%20gennaio%202022.pdf,
86007,Centuripe,arancione,2022-01-09,2022-01-19,01-07012022,1,2022-01-07,Immagine,7,https://www.regione.sicilia.it/sites/default/files/2022-01/Ordinanza%20n.%201%20del%207%20gennaio%202022.pdf,
86008,Cerami,arancione,2022-01-09,2022-01-19,01-07012022,1,2022-01-07,Immagine,7,https://www.regione.sicilia.it/sites/default/files/2022-01/Ordinanza%20n.%201%20del%207%20gennaio%202022.pdf,
86009,Enna,arancione,2022-01-09,2022-01-19,01-07012022,1,2022-01-07,Immagine,7,https://www.regione.sicilia.it/sites/default/files/2022-01/Ordinanza%20n.%201%20del%207%20gennaio%202022.pdf,
89009,Floridia,arancione,2022-01-09,2022-01-19,01-07012022,1,2022-01-07,Immagine,7,https://www.regione.sicilia.it/sites/default/files/2022-01/Ordinanza%20n.%201%20del%207%20gennaio%202022.pdf,
89010,Francofonte,arancione,2022-01-09,2022-01-19,01-07012022,1,2022-01-07,Immagine,7,https://www.regione.sicilia.it/sites/default/files/2022-01/Ordinanza%20n.%201%20del%207%20gennaio%202022.pdf,
86010,Gagliano Castelferrato,arancione,2022-01-09,2022-01-19,01-07012022,1,2022-01-07,Immagine,7,https://www.regione.sicilia.it/sites/default/files/2022-01/Ordinanza%20n.%201%20del%207%20gennaio%202022.pdf,
85007,Gela,arancione,2022-01-09,2022-01-19,01-07012022,1,2022-01-07,Immagine,7,https://www.regione.sicilia.it/sites/default/files/2022-01/Ordinanza%20n.%201%20del%207%20gennaio%202022.pdf,
89011,Lentini,arancione,2022-01-09,2022-01-19,01-07012022,1,2022-01-07,Immagine,7,https://www.regione.sicilia.it/sites/default/files/2022-01/Ordinanza%20n.%201%20del%207%20gennaio%202022.pdf,
86011,Leonforte,arancione,2022-01-09,2022-01-19,01-07012022,1,2022-01-07,Immagine,7,https://www.regione.sicilia.it/sites/default/files/2022-01/Ordinanza%20n.%201%20del%207%20gennaio%202022.pdf,
89012,Melilli,arancione,2022-01-09,2022-01-19,01-07012022,1,2022-01-07,Immagine,7,https://www.regione.sicilia.it/sites/default/files/2022-01/Ordinanza%20n.%201%20del%207%20gennaio%202022.pdf,
86012,Nicosia,arancione,2022-01-09,2022-01-19,01-07012022,1,2022-01-07,Immagine,7,https://www.regione.sicilia.it/sites/default/files/2022-01/Ordinanza%20n.%201%20del%207%20gennaio%202022.pdf,
86013,Nissoria,arancione,2022-01-09,2022-01-19,01-07012022,1,2022-01-07,Immagine,7,https://www.regione.sicilia.it/sites/default/files/2022-01/Ordinanza%20n.%201%20del%207%20gennaio%202022.pdf,
89013,Noto,arancione,2022-01-09,2022-01-19,01-07012022,1,2022-01-07,Immagine,7,https://www.regione.sicilia.it/sites/default/files/2022-01/Ordinanza%20n.%201%20del%207%20gennaio%202022.pdf,
89014,Pachino,arancione,2022-01-09,2022-01-19,01-07012022,1,2022-01-07,Immagine,7,https://www.regione.sicilia.it/sites/default/files/2022-01/Ordinanza%20n.%201%20del%207%20gennaio%202022.pdf,
89015,Palazzolo Acreide,arancione,2022-01-09,2022-01-19,01-07012022,1,2022-01-07,Immagine,7,https://www.regione.sicilia.it/sites/default/files/2022-01/Ordinanza%20n.%201%20del%207%20gennaio%202022.pdf,
84027,Palma di Montechiaro,arancione,2022-01-09,2022-01-19,01-07012022,1,2022-01-07,Immagine,7,https://www.regione.sicilia.it/sites/default/files/2022-01/Ordinanza%20n.%201%20del%207%20gennaio%202022.pdf,
86014,Piazza Armerina,arancione,2022-01-09,2022-01-19,01-07012022,1,2022-01-07,Immagine,7,https://www.regione.sicilia.it/sites/default/files/2022-01/Ordinanza%20n.%201%20del%207%20gennaio%202022.pdf,
86015,Pietraperzia,arancione,2022-01-09,2022-01-19,01-07012022,1,2022-01-07,Immagine,7,https://www.regione.sicilia.it/sites/default/files/2022-01/Ordinanza%20n.%201%20del%207%20gennaio%202022.pdf,
89020,Portopalo di Capo Passero,arancione,2022-01-09,2022-01-19,01-07012022,1,2022-01-07,Immagine,7,https://www.regione.sicilia.it/sites/default/files/2022-01/Ordinanza%20n.%201%20del%207%20gennaio%202022.pdf,
89021,Priolo Gargallo,arancione,2022-01-09,2022-01-19,01-07012022,1,2022-01-07,Immagine,7,https://www.regione.sicilia.it/sites/default/files/2022-01/Ordinanza%20n.%201%20del%207%20gennaio%202022.pdf,
86016,Regalbuto,arancione,2022-01-09,2022-01-19,01-07012022,1,2022-01-07,Immagine,7,https://www.regione.sicilia.it/sites/default/files/2022-01/Ordinanza%20n.%201%20del%207%20gennaio%202022.pdf,
89016,Rosolini,arancione,2022-01-09,2022-01-19,01-07012022,1,2022-01-07,Immagine,7,https://www.regione.sicilia.it/sites/default/files/2022-01/Ordinanza%20n.%201%20del%207%20gennaio%202022.pdf,
89017,Siracusa,arancione,2022-01-09,2022-01-19,01-07012022,1,2022-01-07,Immagine,7,https://www.regione.sicilia.it/sites/default/files/2022-01/Ordinanza%20n.%201%20del%207%20gennaio%202022.pdf,
89018,Solarino,arancione,2022-01-09,2022-01-19,01-07012022,1,2022-01-07,Immagine,7,https://www.regione.sicilia.it/sites/default/files/2022-01/Ordinanza%20n.%201%20del%207%20gennaio%202022.pdf,
89019,Sortino,arancione,2022-01-09,2022-01-19,01-07012022,1,2022-01-07,Immagine,7,https://www.regione.sicilia.it/sites/default/files/2022-01/Ordinanza%20n.%201%20del%207%20gennaio%202022.pdf,
86017,Sperlinga,arancione,2022-01-09,2022-01-19,01-07012022,1,2022-01-07,Immagine,7,https://www.regione.sicilia.it/sites/default/files/2022-01/Ordinanza%20n.%201%20del%207%20gennaio%202022.pdf,
86018,Troina,arancione,2022-01-09,2022-01-19,01-07012022,1,2022-01-07,Immagine,7,https://www.regione.sicilia.it/sites/default/files/2022-01/Ordinanza%20n.%201%20del%207%20gennaio%202022.pdf,
86019,Valguarnera Caropepe,arancione,2022-01-09,2022-01-19,01-07012022,1,2022-01-07,Immagine,7,https://www.regione.sicilia.it/sites/default/files/2022-01/Ordinanza%20n.%201%20del%207%20gennaio%202022.pdf,
86020,Villarosa,arancione,2022-01-09,2022-01-19,01-07012022,1,2022-01-07,Immagine,7,https://www.regione.sicilia.it/sites/default/files/2022-01/Ordinanza%20n.%201%20del%207%20gennaio%202022.pdf,
